{
  "paraphrase": {
    "f1_score": 0.6996197718631179,
    "accuracy": 0.605
  },
  "entailment": {
    "accuracy": 0.385
  },
  "text_formatting": {
    "rouge1": 0.7391790059559618,
    "rouge2": 0.698971343408634,
    "rougeL": 0.7367027290689292,
    "rougeLsum": 0.7371843945935702
  },
  "structure_to_text": {
    "rouge1": 0.36968893286004517,
    "rouge2": 0.18690053258201425,
    "rougeL": 0.3003898495243538,
    "rougeLsum": 0.30614202208454366
  },
  "linguistic_acceptability": {
    "mcc": 0.0,
    "accuracy": 0.645
  },
  "word_disambiguation": {
    "f1_score": 0.5439330543933054,
    "accuracy": 0.455
  },
  "coreference": {
    "accuracy": 0.545
  },
  "question_classification": {
    "accuracy": 0.3
  },
  "overall": {
    "overall_accuracy": 0.4891666666666667,
    "avg_f1_score": 0.6217764131282116,
    "avg_accuracy": 0.4891666666666666,
    "avg_rouge1": 0.5544339694080035,
    "avg_rouge2": 0.4429359379953241,
    "avg_rougeL": 0.5185462892966415,
    "avg_rougeLsum": 0.5216632083390569,
    "avg_mcc": 0.0
  }
}