{
  "paraphrase": {
    "f1_macro": 0.380331837926369,
    "f1_weighted": 0.6036434522537919,
    "accuracy": 0.595
  },
  "entailment": {
    "accuracy": 0.345
  },
  "text_formatting": {
    "rouge1": 0.731644273504443,
    "rouge2": 0.6879999535419934,
    "rougeL": 0.7256334049605396,
    "rougeLsum": 0.7240425104848895
  },
  "structure_to_text": {
    "rouge1": 0.3782463271716662,
    "rouge2": 0.19076005243307756,
    "rougeL": 0.3026627236302773,
    "rougeLsum": 0.30814951449643774
  },
  "linguistic_acceptability": {
    "mcc": 0.0,
    "accuracy": 0.645
  },
  "word_disambiguation": {
    "f1_score": 0.25,
    "accuracy": 0.49
  },
  "coreference": {
    "f1_macro": 0.3791483113069016,
    "f1_weighted": 0.4818333333333333,
    "accuracy": 0.53
  },
  "question_classification": {
    "accuracy": 0.305
  },
  "overall": {
    "overall_accuracy": 0.485,
    "avg_f1_macro": 0.3797400746166353,
    "avg_f1_weighted": 0.5427383927935626,
    "avg_accuracy": 0.4850000000000001,
    "avg_rouge1": 0.5549453003380547,
    "avg_rouge2": 0.4393800029875355,
    "avg_rougeL": 0.5141480642954085,
    "avg_rougeLsum": 0.5160960124906636,
    "avg_mcc": 0.0,
    "avg_f1_score": 0.25
  }
}