{
  "paraphrase": {
    "f1_score": 0.17511520737327188,
    "accuracy": 0.105
  },
  "entailment": {
    "accuracy": 0.235
  },
  "text_formatting": {
    "rouge1": 0.901408756455268,
    "rouge2": 0.861387929865155,
    "rougeL": 0.9002349709153107,
    "rougeLsum": 0.8968534837429767
  },
  "structure_to_text": {
    "rouge1": 0.4249995210819819,
    "rouge2": 0.21264923554814133,
    "rougeL": 0.33796589801097693,
    "rougeLsum": 0.34470946521883467
  },
  "linguistic_acceptability": {
    "accuracy": 0.39
  },
  "word_disambiguation": {
    "f1_score": 0.21296296296296297,
    "accuracy": 0.15
  },
  "coreference": {
    "accuracy": 0.44
  },
  "question_classification": {
    "accuracy": 0.145
  },
  "overall": {
    "overall_accuracy": 0.24416666666666667,
    "avg_f1_score": 0.1940390851681174,
    "avg_accuracy": 0.24416666666666667,
    "avg_rouge1": 0.6632041387686249,
    "avg_rouge2": 0.5370185827066482,
    "avg_rougeL": 0.6191004344631438,
    "avg_rougeLsum": 0.6207814744809057
  }
}