{
  "paraphrase": {
    "f1_score": 0.225,
    "accuracy": 0.38
  },
  "entailment": {
    "accuracy": 0.345
  },
  "text_formatting": {
    "rouge1": 0.7138094447534397,
    "rouge2": 0.6725849028935087,
    "rougeL": 0.7117112805212714,
    "rougeLsum": 0.7114566842742576
  },
  "structure_to_text": {
    "rouge1": 0.3675547581721288,
    "rouge2": 0.1842935620244885,
    "rougeL": 0.29538132895632363,
    "rougeLsum": 0.30155774384483747
  },
  "linguistic_acceptability": {
    "mcc": 0.0,
    "accuracy": 0.645
  },
  "word_disambiguation": {
    "f1_score": 0.6408450704225352,
    "accuracy": 0.49
  },
  "coreference": {
    "accuracy": 0.545
  },
  "question_classification": {
    "accuracy": 0.35
  },
  "overall": {
    "overall_accuracy": 0.45916666666666667,
    "avg_f1_score": 0.4329225352112676,
    "avg_accuracy": 0.4591666666666667,
    "avg_rouge1": 0.5406821014627843,
    "avg_rouge2": 0.4284392324589986,
    "avg_rougeL": 0.5035463047387976,
    "avg_rougeLsum": 0.5065072140595475,
    "avg_mcc": 0.0
  }
}