{
  "paraphrase": {
    "f1_score": 0.6068376068376068,
    "accuracy": 0.54
  },
  "entailment": {
    "accuracy": 0.345
  },
  "text_formatting": {
    "rouge1": 0.7039301103432585,
    "rouge2": 0.6565486184133127,
    "rougeL": 0.697216687931761,
    "rougeLsum": 0.6951439555686505
  },
  "structure_to_text": {
    "rouge1": 0.36710664364676776,
    "rouge2": 0.1825278984427809,
    "rougeL": 0.29340479699473343,
    "rougeLsum": 0.3004089736252871
  },
  "linguistic_acceptability": {
    "accuracy": 0.645
  },
  "word_disambiguation": {
    "f1_score": 0.6093189964157706,
    "accuracy": 0.455
  },
  "coreference": {
    "accuracy": 0.54
  },
  "question_classification": {
    "accuracy": 0.39
  },
  "overall": {
    "overall_accuracy": 0.48583333333333334,
    "avg_f1_score": 0.6080783016266886,
    "avg_accuracy": 0.4858333333333334,
    "avg_rouge1": 0.5355183769950131,
    "avg_rouge2": 0.4195382584280468,
    "avg_rougeL": 0.4953107424632472,
    "avg_rougeLsum": 0.4977764645969688
  }
}