{
  "paraphrase": {
    "f1_score": 0.6746987951807228,
    "accuracy": 0.595
  },
  "entailment": {
    "accuracy": 0.345
  },
  "text_formatting": {
    "rouge1": 0.7322125117278302,
    "rouge2": 0.6893947840852378,
    "rougeL": 0.7253135370289092,
    "rougeLsum": 0.7263972108944576
  },
  "structure_to_text": {
    "rouge1": 0.3765711641340088,
    "rouge2": 0.19082046441662748,
    "rougeL": 0.3028372604506516,
    "rougeLsum": 0.30851711149255634
  },
  "linguistic_acceptability": {
    "accuracy": 0.645
  },
  "word_disambiguation": {
    "f1_score": 0.6136363636363636,
    "accuracy": 0.49
  },
  "coreference": {
    "accuracy": 0.53
  },
  "question_classification": {
    "accuracy": 0.305
  },
  "overall": {
    "overall_accuracy": 0.485,
    "avg_f1_score": 0.6441675794085433,
    "avg_accuracy": 0.4850000000000001,
    "avg_rouge1": 0.5543918379309195,
    "avg_rouge2": 0.44010762425093264,
    "avg_rougeL": 0.5140753987397804,
    "avg_rougeLsum": 0.517457161193507
  }
}