{
  "paraphrase": {
    "f1_macro": 0.002513996756071336,
    "f1_weighted": 0.2228241266954611,
    "accuracy": 0.135
  },
  "entailment": {
    "accuracy": 0.28
  },
  "text_formatting": {
    "rouge1": 0.7382531587601802,
    "rouge2": 0.6858200819836391,
    "rougeL": 0.7325201461272532,
    "rougeLsum": 0.7310567595194696
  },
  "structure_to_text": {
    "rouge1": 0.4226209766703386,
    "rouge2": 0.220607477604138,
    "rougeL": 0.33508595992830514,
    "rougeLsum": 0.336749962031264
  },
  "linguistic_acceptability": {
    "mcc": -0.027809338111395146,
    "accuracy": 0.435
  },
  "word_disambiguation": {
    "f1_macro": 0.003637566137566138,
    "f1_weighted": 0.2567592592592593,
    "accuracy": 0.17
  },
  "coreference": {
    "f1_macro": 0.36050420168067226,
    "f1_weighted": 0.4721666666666666,
    "accuracy": 0.51
  },
  "question_classification": {
    "accuracy": 0.13
  },
  "overall": {
    "overall_accuracy": 0.27666666666666667,
    "avg_f1_macro": 0.12221858819143659,
    "avg_f1_weighted": 0.31725001754046234,
    "avg_accuracy": 0.27666666666666667,
    "avg_rouge1": 0.5804370677152594,
    "avg_rouge2": 0.45321377979388855,
    "avg_rougeL": 0.5338030530277792,
    "avg_rougeLsum": 0.5339033607753668,
    "avg_mcc": -0.027809338111395146
  }
}