{
  "paraphrase": {
    "f1_score": 0.5726141078838174,
    "accuracy": 0.485
  },
  "entailment": {
    "accuracy": 0.345
  },
  "text_formatting": {
    "rouge1": 0.6802656067015278,
    "rouge2": 0.6249077579573736,
    "rougeL": 0.6743543268419124,
    "rougeLsum": 0.6731260813656816
  },
  "structure_to_text": {
    "rouge1": 0.35771832912751356,
    "rouge2": 0.17563202852594395,
    "rougeL": 0.28834307610954985,
    "rougeLsum": 0.29555330360524545
  },
  "linguistic_acceptability": {
    "mcc": 0.0,
    "accuracy": 0.645
  },
  "word_disambiguation": {
    "f1_score": 0.5043478260869565,
    "accuracy": 0.43
  },
  "coreference": {
    "accuracy": 0.55
  },
  "question_classification": {
    "accuracy": 0.28
  },
  "overall": {
    "overall_accuracy": 0.4558333333333333,
    "avg_f1_score": 0.5384809669853869,
    "avg_accuracy": 0.45583333333333337,
    "avg_rouge1": 0.5189919679145207,
    "avg_rouge2": 0.4002698932416588,
    "avg_rougeL": 0.48134870147573117,
    "avg_rougeLsum": 0.48433969248546355,
    "avg_mcc": 0.0
  }
}