{
  "paraphrase": {
    "f1_score": 0.20276497695852536,
    "accuracy": 0.135
  },
  "entailment": {
    "accuracy": 0.28
  },
  "text_formatting": {
    "rouge1": 0.736505831639807,
    "rouge2": 0.6868750996874666,
    "rougeL": 0.7322438616149511,
    "rougeLsum": 0.7311826754927955
  },
  "structure_to_text": {
    "rouge1": 0.422031827429173,
    "rouge2": 0.22042453141658286,
    "rougeL": 0.33536015309240136,
    "rougeLsum": 0.33762872699253255
  },
  "linguistic_acceptability": {
    "accuracy": 0.435
  },
  "word_disambiguation": {
    "f1_score": 0.23853211009174313,
    "accuracy": 0.17
  },
  "coreference": {
    "accuracy": 0.51
  },
  "question_classification": {
    "accuracy": 0.13
  },
  "overall": {
    "overall_accuracy": 0.27666666666666667,
    "avg_f1_score": 0.22064854352513424,
    "avg_accuracy": 0.27666666666666667,
    "avg_rouge1": 0.57926882953449,
    "avg_rouge2": 0.45364981555202477,
    "avg_rougeL": 0.5338020073536762,
    "avg_rougeLsum": 0.534405701242664
  }
}