{
  "paraphrase": {
    "f1_score": 0.6746987951807228,
    "accuracy": 0.595
  },
  "entailment": {
    "accuracy": 0.345
  },
  "text_formatting": {
    "rouge1": 0.7307166003429733,
    "rouge2": 0.6884241736745734,
    "rougeL": 0.726568954254712,
    "rougeLsum": 0.7235928902798818
  },
  "structure_to_text": {
    "rouge1": 0.37749738749197215,
    "rouge2": 0.18961627997488825,
    "rougeL": 0.30331285644182115,
    "rougeLsum": 0.30864855712596495
  },
  "linguistic_acceptability": {
    "mcc": 0.0,
    "accuracy": 0.645
  },
  "word_disambiguation": {
    "f1_score": 0.6136363636363636,
    "accuracy": 0.49
  },
  "coreference": {
    "accuracy": 0.53
  },
  "question_classification": {
    "accuracy": 0.305
  },
  "overall": {
    "overall_accuracy": 0.485,
    "avg_f1_score": 0.6441675794085433,
    "avg_accuracy": 0.4850000000000001,
    "avg_rouge1": 0.5541069939174728,
    "avg_rouge2": 0.43902022682473085,
    "avg_rougeL": 0.5149409053482665,
    "avg_rougeLsum": 0.5161207237029234,
    "avg_mcc": 0.0
  }
}