{
  "paraphrase": {
    "f1_macro": 0.029669386002576213,
    "f1_weighted": 0.5340218978102189,
    "accuracy": 0.485
  },
  "entailment": {
    "accuracy": 0.345
  },
  "text_formatting": {
    "rouge1": 0.6790040918181668,
    "rouge2": 0.6268306842316109,
    "rougeL": 0.6735342211274487,
    "rougeLsum": 0.6754805837541992
  },
  "structure_to_text": {
    "rouge1": 0.35735376429869947,
    "rouge2": 0.17502982457439664,
    "rougeL": 0.2883140236152688,
    "rougeLsum": 0.29566159077488774
  },
  "linguistic_acceptability": {
    "mcc": 0.0,
    "accuracy": 0.645
  },
  "word_disambiguation": {
    "f1_macro": 0.03833491769650273,
    "f1_weighted": 0.44257997698504026,
    "accuracy": 0.43
  },
  "coreference": {
    "f1_macro": 0.3925291005291005,
    "f1_weighted": 0.4958095238095238,
    "accuracy": 0.55
  },
  "question_classification": {
    "accuracy": 0.28
  },
  "overall": {
    "overall_accuracy": 0.4558333333333333,
    "avg_f1_macro": 0.15351113474272648,
    "avg_f1_weighted": 0.4908037995349277,
    "avg_accuracy": 0.45583333333333337,
    "avg_rouge1": 0.5181789280584331,
    "avg_rouge2": 0.4009302544030038,
    "avg_rougeL": 0.48092412237135873,
    "avg_rougeLsum": 0.48557108726454346,
    "avg_mcc": 0.0
  }
}