{
  "paraphrase": {
    "f1_score": 0.17511520737327188,
    "accuracy": 0.105
  },
  "entailment": {
    "accuracy": 0.235
  },
  "text_formatting": {
    "rouge1": 0.9012501541933695,
    "rouge2": 0.8619501587832108,
    "rougeL": 0.9009999943463214,
    "rougeLsum": 0.8979734308344425
  },
  "structure_to_text": {
    "rouge1": 0.4248083880422695,
    "rouge2": 0.2125976451314904,
    "rougeL": 0.33855173274870315,
    "rougeLsum": 0.34433374349555945
  },
  "linguistic_acceptability": {
    "mcc": -0.43403652029764,
    "accuracy": 0.39
  },
  "word_disambiguation": {
    "f1_score": 0.21296296296296297,
    "accuracy": 0.15
  },
  "coreference": {
    "accuracy": 0.44
  },
  "question_classification": {
    "accuracy": 0.145
  },
  "overall": {
    "overall_accuracy": 0.24416666666666667,
    "avg_f1_score": 0.1940390851681174,
    "avg_accuracy": 0.24416666666666667,
    "avg_rouge1": 0.6630292711178195,
    "avg_rouge2": 0.5372739019573506,
    "avg_rougeL": 0.6197758635475122,
    "avg_rougeLsum": 0.6211535871650009,
    "avg_mcc": -0.43403652029764
  }
}