{
  "paraphrase": {
    "f1_score": 0.6996197718631179,
    "accuracy": 0.605
  },
  "entailment": {
    "accuracy": 0.385
  },
  "text_formatting": {
    "rouge1": 0.7396166810475179,
    "rouge2": 0.6997162941191232,
    "rougeL": 0.7349907315202375,
    "rougeLsum": 0.7356717132026749
  },
  "structure_to_text": {
    "rouge1": 0.3691857280278533,
    "rouge2": 0.18685394794295224,
    "rougeL": 0.2995774005990567,
    "rougeLsum": 0.30553631155173333
  },
  "linguistic_acceptability": {
    "accuracy": 0.645
  },
  "word_disambiguation": {
    "f1_score": 0.5439330543933054,
    "accuracy": 0.455
  },
  "coreference": {
    "accuracy": 0.545
  },
  "question_classification": {
    "accuracy": 0.3
  },
  "overall": {
    "overall_accuracy": 0.4891666666666667,
    "avg_f1_score": 0.6217764131282116,
    "avg_accuracy": 0.4891666666666666,
    "avg_rouge1": 0.5544012045376856,
    "avg_rouge2": 0.4432851210310377,
    "avg_rougeL": 0.5172840660596472,
    "avg_rougeLsum": 0.5206040123772041
  }
}