{
  "paraphrase": {
    "f1_score": 0.20276497695852536,
    "accuracy": 0.135
  },
  "entailment": {
    "accuracy": 0.28
  },
  "text_formatting": {
    "rouge1": 0.7395661068677744,
    "rouge2": 0.6856160414739431,
    "rougeL": 0.7312248096720644,
    "rougeLsum": 0.7309826796618062
  },
  "structure_to_text": {
    "rouge1": 0.42417987333300833,
    "rouge2": 0.21951735650205367,
    "rougeL": 0.33511877719818906,
    "rougeLsum": 0.3383072833621142
  },
  "linguistic_acceptability": {
    "mcc": -0.368777742442473,
    "accuracy": 0.435
  },
  "word_disambiguation": {
    "f1_score": 0.23853211009174313,
    "accuracy": 0.17
  },
  "coreference": {
    "accuracy": 0.51
  },
  "question_classification": {
    "accuracy": 0.13
  },
  "overall": {
    "overall_accuracy": 0.27666666666666667,
    "avg_f1_score": 0.22064854352513424,
    "avg_accuracy": 0.27666666666666667,
    "avg_rouge1": 0.5818729901003914,
    "avg_rouge2": 0.4525666989879984,
    "avg_rougeL": 0.5331717934351268,
    "avg_rougeLsum": 0.5346449815119602,
    "avg_mcc": -0.368777742442473
  }
}