{
  "paraphrase": {
    "f1_score": 0.7465753424657534,
    "accuracy": 0.63
  },
  "entailment": {
    "accuracy": 0.345
  },
  "text_formatting": {
    "rouge1": 0.686141380430576,
    "rouge2": 0.64081058349408,
    "rougeL": 0.6812171826693392,
    "rougeLsum": 0.6803521044182659
  },
  "structure_to_text": {
    "rouge1": 0.36810282022844043,
    "rouge2": 0.17947410478103665,
    "rougeL": 0.29849224177092504,
    "rougeLsum": 0.3025608104806995
  },
  "linguistic_acceptability": {
    "accuracy": 0.63
  },
  "word_disambiguation": {
    "f1_score": 0.6236559139784946,
    "accuracy": 0.475
  },
  "coreference": {
    "accuracy": 0.505
  },
  "question_classification": {
    "accuracy": 0.3
  },
  "overall": {
    "overall_accuracy": 0.48083333333333333,
    "avg_f1_score": 0.685115628222124,
    "avg_accuracy": 0.4808333333333333,
    "avg_rouge1": 0.5271221003295082,
    "avg_rouge2": 0.41014234413755835,
    "avg_rougeL": 0.4898547122201321,
    "avg_rougeLsum": 0.4914564574494827
  }
}