{
  "paraphrase": {
    "f1_score": 0.5726141078838174,
    "accuracy": 0.485
  },
  "entailment": {
    "accuracy": 0.345
  },
  "text_formatting": {
    "rouge1": 0.6790119407908668,
    "rouge2": 0.6248340583304546,
    "rougeL": 0.6738504375465136,
    "rougeLsum": 0.6722699551366063
  },
  "structure_to_text": {
    "rouge1": 0.35738111061350153,
    "rouge2": 0.1761969455732491,
    "rougeL": 0.28878480769688114,
    "rougeLsum": 0.2956644820340004
  },
  "linguistic_acceptability": {
    "accuracy": 0.645
  },
  "word_disambiguation": {
    "f1_score": 0.5043478260869565,
    "accuracy": 0.43
  },
  "coreference": {
    "accuracy": 0.55
  },
  "question_classification": {
    "accuracy": 0.28
  },
  "overall": {
    "overall_accuracy": 0.4558333333333333,
    "avg_f1_score": 0.5384809669853869,
    "avg_accuracy": 0.45583333333333337,
    "avg_rouge1": 0.5181965257021841,
    "avg_rouge2": 0.4005155019518518,
    "avg_rougeL": 0.4813176226216974,
    "avg_rougeLsum": 0.48396721858530334
  }
}