{
  "paraphrase": {
    "f1_score": 0.6068376068376068,
    "accuracy": 0.54
  },
  "entailment": {
    "accuracy": 0.345
  },
  "text_formatting": {
    "rouge1": 0.7007648077450468,
    "rouge2": 0.6556473739750406,
    "rougeL": 0.6967058208612105,
    "rougeLsum": 0.6963956847542023
  },
  "structure_to_text": {
    "rouge1": 0.36760127034315404,
    "rouge2": 0.1821806584188581,
    "rougeL": 0.2934459861603139,
    "rougeLsum": 0.3007852557867706
  },
  "linguistic_acceptability": {
    "mcc": 0.0,
    "accuracy": 0.645
  },
  "word_disambiguation": {
    "f1_score": 0.6093189964157706,
    "accuracy": 0.455
  },
  "coreference": {
    "accuracy": 0.54
  },
  "question_classification": {
    "accuracy": 0.39
  },
  "overall": {
    "overall_accuracy": 0.48583333333333334,
    "avg_f1_score": 0.6080783016266886,
    "avg_accuracy": 0.4858333333333334,
    "avg_rouge1": 0.5341830390441005,
    "avg_rouge2": 0.41891401619694935,
    "avg_rougeL": 0.4950759035107622,
    "avg_rougeLsum": 0.4985904702704865,
    "avg_mcc": 0.0
  }
}