{
  "paraphrase": {
    "f1_score": 0.48333333333333334,
    "accuracy": 0.38
  },
  "entailment": {
    "accuracy": 0.345
  },
  "text_formatting": {
    "rouge1": 0.7140204270382456,
    "rouge2": 0.6742042628685165,
    "rougeL": 0.7108335526018157,
    "rougeLsum": 0.7130914067135685
  },
  "structure_to_text": {
    "rouge1": 0.36731870696098057,
    "rouge2": 0.182960336793625,
    "rougeL": 0.2943246206337846,
    "rougeLsum": 0.30220196784568676
  },
  "linguistic_acceptability": {
    "mcc": 0.0,
    "accuracy": 0.645
  },
  "word_disambiguation": {
    "f1_macro": 0.19121216776770625,
    "f1_weighted": 0.3876380396374251,
    "accuracy": 0.49
  },
  "coreference": {
    "f1_macro": 0.39812409812409805,
    "f1_weighted": 0.5155,
    "accuracy": 0.545
  },
  "question_classification": {
    "accuracy": 0.35
  },
  "overall": {
    "overall_accuracy": 0.45916666666666667,
    "avg_f1_score": 0.48333333333333334,
    "avg_accuracy": 0.4591666666666667,
    "avg_rouge1": 0.5406695669996131,
    "avg_rouge2": 0.42858229983107077,
    "avg_rougeL": 0.5025790866178002,
    "avg_rougeLsum": 0.5076466872796277,
    "avg_mcc": 0.0,
    "avg_f1_macro": 0.29466813294590216,
    "avg_f1_weighted": 0.45156901981871256
  }
}