{
  "paraphrase": {
    "f1_score": 0.225,
    "accuracy": 0.38
  },
  "entailment": {
    "accuracy": 0.345
  },
  "text_formatting": {
    "rouge1": 0.7134410466318055,
    "rouge2": 0.6746557388844459,
    "rougeL": 0.7107129377608418,
    "rougeLsum": 0.7115377150736458
  },
  "structure_to_text": {
    "rouge1": 0.3685123249729909,
    "rouge2": 0.18329902787787228,
    "rougeL": 0.294326144888406,
    "rougeLsum": 0.3019862281322414
  },
  "linguistic_acceptability": {
    "accuracy": 0.645
  },
  "word_disambiguation": {
    "f1_score": 0.6408450704225352,
    "accuracy": 0.49
  },
  "coreference": {
    "accuracy": 0.545
  },
  "question_classification": {
    "accuracy": 0.35
  },
  "overall": {
    "overall_accuracy": 0.45916666666666667,
    "avg_f1_score": 0.4329225352112676,
    "avg_accuracy": 0.4591666666666667,
    "avg_rouge1": 0.5409766858023982,
    "avg_rouge2": 0.4289773833811591,
    "avg_rougeL": 0.502519541324624,
    "avg_rougeLsum": 0.5067619716029437
  }
}