{
  "paraphrase": {
    "f1_score": 0.7465753424657534,
    "accuracy": 0.63
  },
  "entailment": {
    "accuracy": 0.345
  },
  "text_formatting": {
    "rouge1": 0.6851263067204336,
    "rouge2": 0.6402285386584166,
    "rougeL": 0.6818392010184738,
    "rougeLsum": 0.6819842906360938
  },
  "structure_to_text": {
    "rouge1": 0.36876942019375014,
    "rouge2": 0.18047147577580722,
    "rougeL": 0.29745190713841196,
    "rougeLsum": 0.30214346812317083
  },
  "linguistic_acceptability": {
    "mcc": -0.009828848458966973,
    "accuracy": 0.63
  },
  "word_disambiguation": {
    "f1_score": 0.6236559139784946,
    "accuracy": 0.475
  },
  "coreference": {
    "accuracy": 0.505
  },
  "question_classification": {
    "accuracy": 0.3
  },
  "overall": {
    "overall_accuracy": 0.48083333333333333,
    "avg_f1_score": 0.685115628222124,
    "avg_accuracy": 0.4808333333333333,
    "avg_rouge1": 0.5269478634570919,
    "avg_rouge2": 0.4103500072171119,
    "avg_rougeL": 0.4896455540784429,
    "avg_rougeLsum": 0.4920638793796323,
    "avg_mcc": -0.009828848458966973
  }
}