{
  "paraphrase": {
    "accuracy": 0.605
  },
  "entailment": {
    "accuracy": 0.485
  },
  "text_formatting": {
    "rouge1": 0.909758227679764,
    "rouge2": 0.8696752482477549,
    "rougeL": 0.9089340967414532,
    "rougeLsum": 0.9090839557851669
  },
  "structure_to_text": {
    "rouge1": 0.5271214769315977,
    "rouge2": 0.29803772039639953,
    "rougeL": 0.42253965544794503,
    "rougeLsum": 0.4230971039251794
  },
  "linguistic_acceptability": {
    "accuracy": 0.525
  },
  "word_disambiguation": {
    "accuracy": 0.57
  },
  "coreference": {
    "accuracy": 0.52
  },
  "question_classification": {
    "accuracy": 0.625
  }
}