{
  "paraphrase": {
    "f1_score": 0.7789473684210526,
    "accuracy": 0.685
  },
  "entailment": {
    "accuracy": 0.5
  },
  "text_formatting": {
    "rouge1": 0.9051650830965119,
    "rouge2": 0.8634242407856276,
    "rougeL": 0.9041419650632334,
    "rougeLsum": 0.9055455468144551
  },
  "structure_to_text": {
    "rouge1": 0.5209626366540383,
    "rouge2": 0.2989860004299889,
    "rougeL": 0.42317276022530925,
    "rougeLsum": 0.42299919946515185
  },
  "linguistic_acceptability": {
    "accuracy": 0.65
  },
  "word_disambiguation": {
    "f1_score": 0.6592592592592592,
    "accuracy": 0.54
  },
  "coreference": {
    "accuracy": 0.565
  },
  "question_classification": {
    "accuracy": 0.795
  },
  "overall": {
    "overall_accuracy": 0.6225,
    "avg_f1_score": 0.7191033138401559,
    "avg_accuracy": 0.6224999999999999,
    "avg_rouge1": 0.7130638598752751,
    "avg_rouge2": 0.5812051206078083,
    "avg_rougeL": 0.6636573626442713,
    "avg_rougeLsum": 0.6642723731398035
  }
}