{
  "paraphrase": {
    "f1_score": 0.4752475247524752,
    "accuracy": 0.47
  },
  "entailment": {
    "accuracy": 0.365
  },
  "text_formatting": {
    "rouge1": 0.8646274620425409,
    "rouge2": 0.8227290816588719,
    "rougeL": 0.8572314136523707,
    "rougeLsum": 0.8586035776739025
  },
  "structure_to_text": {
    "rouge1": 0.45052106924942426,
    "rouge2": 0.24183655728061024,
    "rougeL": 0.3555338223501742,
    "rougeLsum": 0.35819929593903554
  },
  "linguistic_acceptability": {
    "accuracy": 0.495
  },
  "word_disambiguation": {
    "f1_score": 0.6754966887417219,
    "accuracy": 0.51
  },
  "coreference": {
    "accuracy": 0.55
  },
  "question_classification": {
    "accuracy": 0.37
  },
  "overall": {
    "overall_accuracy": 0.46,
    "avg_f1_score": 0.5753721067470985,
    "avg_accuracy": 0.46,
    "avg_rouge1": 0.6575742656459826,
    "avg_rouge2": 0.5322828194697411,
    "avg_rougeL": 0.6063826180012725,
    "avg_rougeLsum": 0.608401436806469
  }
}