{
  "paraphrase": {
    "f1_score": 0.5576208178438662,
    "accuracy": 0.405
  },
  "entailment": {
    "accuracy": 0.355
  },
  "text_formatting": {
    "rouge1": 0.8623218486395198,
    "rouge2": 0.8128023439936174,
    "rougeL": 0.8537276203493935,
    "rougeLsum": 0.8537805982194998
  },
  "structure_to_text": {
    "rouge1": 0.46602292530345435,
    "rouge2": 0.2540358183037589,
    "rougeL": 0.3735378098095665,
    "rougeLsum": 0.3827682812784031
  },
  "linguistic_acceptability": {
    "accuracy": 0.505
  },
  "word_disambiguation": {
    "f1_score": 0.6710963455149501,
    "accuracy": 0.505
  },
  "coreference": {
    "accuracy": 0.555
  },
  "question_classification": {
    "accuracy": 0.35
  },
  "overall": {
    "overall_accuracy": 0.44583333333333336,
    "avg_f1_score": 0.6143585816794082,
    "avg_accuracy": 0.44583333333333336,
    "avg_rouge1": 0.6641723869714871,
    "avg_rouge2": 0.5334190811486881,
    "avg_rougeL": 0.61363271507948,
    "avg_rougeLsum": 0.6182744397489515
  }
}