{
  "paraphrase": {
    "f1_score": 0.6457399103139013,
    "accuracy": 0.605
  },
  "entailment": {
    "accuracy": 0.615
  },
  "text_formatting": {
    "rouge1": 0.9101845496454539,
    "rouge2": 0.8751472401926306,
    "rougeL": 0.9080846392458537,
    "rougeLsum": 0.908017364922989
  },
  "structure_to_text": {
    "rouge1": 0.5758743540353377,
    "rouge2": 0.3265764270664629,
    "rougeL": 0.4533753829523419,
    "rougeLsum": 0.4536388152365466
  },
  "linguistic_acceptability": {
    "mcc": 0.18186549629485357,
    "accuracy": 0.63
  },
  "word_disambiguation": {
    "f1_score": 0.6666666666666666,
    "accuracy": 0.61
  },
  "coreference": {
    "accuracy": 0.55
  },
  "question_classification": {
    "accuracy": 0.795
  },
  "overall": {
    "overall_accuracy": 0.6341666666666667,
    "avg_f1_score": 0.656203288490284,
    "avg_accuracy": 0.6341666666666667,
    "avg_rouge1": 0.7430294518403958,
    "avg_rouge2": 0.6008618336295467,
    "avg_rougeL": 0.6807300110990978,
    "avg_rougeLsum": 0.6808280900797679,
    "avg_mcc": 0.18186549629485357
  }
}