{
  "paraphrase": {
    "f1_score": 0.6457399103139013,
    "accuracy": 0.605
  },
  "entailment": {
    "accuracy": 0.615
  },
  "text_formatting": {
    "rouge1": 0.9110541820881913,
    "rouge2": 0.8746591000868531,
    "rougeL": 0.9081653752395265,
    "rougeLsum": 0.9082237571102598
  },
  "structure_to_text": {
    "rouge1": 0.5761724698172654,
    "rouge2": 0.3269665502670307,
    "rougeL": 0.45418755178072134,
    "rougeLsum": 0.4537247673896911
  },
  "linguistic_acceptability": {
    "accuracy": 0.63
  },
  "word_disambiguation": {
    "f1_score": 0.6666666666666666,
    "accuracy": 0.61
  },
  "coreference": {
    "accuracy": 0.55
  },
  "question_classification": {
    "accuracy": 0.795
  },
  "overall": {
    "overall_accuracy": 0.6341666666666667,
    "avg_f1_score": 0.656203288490284,
    "avg_accuracy": 0.6341666666666667,
    "avg_rouge1": 0.7436133259527284,
    "avg_rouge2": 0.6008128251769419,
    "avg_rougeL": 0.6811764635101238,
    "avg_rougeLsum": 0.6809742622499755
  }
}