{
  "paraphrase": {
    "accuracy": 0.77
  },
  "entailment": {
    "accuracy": 0.62
  },
  "text_formatting": {
    "rouge1": 0.9193966685972617,
    "rouge2": 0.8757578073697193,
    "rougeL": 0.9156365694567121,
    "rougeLsum": 0.9154337994657854
  },
  "structure_to_text": {
    "rouge1": 0.5761524924509168,
    "rouge2": 0.34428413014838316,
    "rougeL": 0.4739535693583888,
    "rougeLsum": 0.4740284668607634
  },
  "linguistic_acceptability": {
    "accuracy": 0.72
  },
  "word_disambiguation": {
    "accuracy": 0.58
  },
  "coreference": {
    "accuracy": 0.545
  },
  "question_classification": {
    "accuracy": 0.85
  }
}