{
  "paraphrase": {
    "f1_score": 0.6609442060085837,
    "accuracy": 0.605
  },
  "entailment": {
    "accuracy": 0.485
  },
  "text_formatting": {
    "rouge1": 0.9100753652809603,
    "rouge2": 0.8701087869380171,
    "rougeL": 0.908276856202157,
    "rougeLsum": 0.908710630642976
  },
  "structure_to_text": {
    "rouge1": 0.5266832244135173,
    "rouge2": 0.29653131064115634,
    "rougeL": 0.42215418146543404,
    "rougeLsum": 0.42353935410854276
  },
  "linguistic_acceptability": {
    "accuracy": 0.525
  },
  "word_disambiguation": {
    "f1_score": 0.6884057971014492,
    "accuracy": 0.57
  },
  "coreference": {
    "accuracy": 0.52
  },
  "question_classification": {
    "accuracy": 0.625
  },
  "overall": {
    "overall_accuracy": 0.555,
    "avg_f1_score": 0.6746750015550165,
    "avg_accuracy": 0.5549999999999999,
    "avg_rouge1": 0.7183792948472388,
    "avg_rouge2": 0.5833200487895867,
    "avg_rougeL": 0.6652155188337956,
    "avg_rougeLsum": 0.6661249923757594
  }
}