{
  "paraphrase": {
    "accuracy": 0.62
  },
  "entailment": {
    "accuracy": 0.42
  },
  "text_formatting": {
    "rouge1": 0.8995849453021428,
    "rouge2": 0.8666376523101568,
    "rougeL": 0.8979747527337851,
    "rougeLsum": 0.897438772292281
  },
  "structure_to_text": {
    "rouge1": 0.4372544822015354,
    "rouge2": 0.23527823509102042,
    "rougeL": 0.3604468167246777,
    "rougeLsum": 0.3611477999385893
  },
  "linguistic_acceptability": {
    "accuracy": 0.545
  },
  "word_disambiguation": {
    "accuracy": 0.545
  },
  "coreference": {
    "accuracy": 0.51
  },
  "question_classification": {
    "accuracy": 0.605
  }
}