{
  "paraphrase": {
    "f1_score": 0.7164179104477612,
    "accuracy": 0.62
  },
  "entailment": {
    "accuracy": 0.42
  },
  "text_formatting": {
    "rouge1": 0.8995088483585671,
    "rouge2": 0.8658446225736559,
    "rougeL": 0.8981471329516237,
    "rougeLsum": 0.8976186734221271
  },
  "structure_to_text": {
    "rouge1": 0.43761723743679226,
    "rouge2": 0.23507640008157576,
    "rougeL": 0.3604032105787518,
    "rougeLsum": 0.36092966901537904
  },
  "linguistic_acceptability": {
    "accuracy": 0.545
  },
  "word_disambiguation": {
    "f1_score": 0.6784452296819788,
    "accuracy": 0.545
  },
  "coreference": {
    "accuracy": 0.51
  },
  "question_classification": {
    "accuracy": 0.605
  },
  "overall": {
    "overall_accuracy": 0.5408333333333334,
    "avg_f1_score": 0.69743157006487,
    "avg_accuracy": 0.5408333333333333,
    "avg_rouge1": 0.6685630428976796,
    "avg_rouge2": 0.5504605113276159,
    "avg_rougeL": 0.6292751717651878,
    "avg_rougeLsum": 0.6292741712187531
  }
}