{
  "paraphrase": {
    "f1_score": 0.7619047619047619,
    "accuracy": 0.725
  },
  "entailment": {
    "accuracy": 0.765
  },
  "text_formatting": {
    "rouge1": 0.9529508535569621,
    "rouge2": 0.9173169953219635,
    "rougeL": 0.9524892779570682,
    "rougeLsum": 0.9530574170824657
  },
  "structure_to_text": {
    "rouge1": 0.6532866182833785,
    "rouge2": 0.4047505719483836,
    "rougeL": 0.5304498351582323,
    "rougeLsum": 0.5307030631805992
  },
  "linguistic_acceptability": {
    "accuracy": 0.75
  },
  "word_disambiguation": {
    "f1_score": 0.5,
    "accuracy": 0.59
  },
  "coreference": {
    "accuracy": 0.65
  },
  "question_classification": {
    "accuracy": 0.88
  },
  "overall": {
    "overall_accuracy": 0.7266666666666667,
    "avg_f1_score": 0.6309523809523809,
    "avg_accuracy": 0.7266666666666667,
    "avg_rouge1": 0.8031187359201704,
    "avg_rouge2": 0.6610337836351736,
    "avg_rougeL": 0.7414695565576502,
    "avg_rougeLsum": 0.7418802401315325
  }
}