{
  "paraphrase": {
    "f1_score": 0.6929133858267716,
    "accuracy": 0.61,
    "rouge1": 0.61,
    "rouge2": 0.0,
    "rougeL": 0.615,
    "rougeLsum": 0.61
  },
  "entailment": {
    "accuracy": 0.31,
    "rouge1": 0.31,
    "rouge2": 0.225,
    "rougeL": 0.305,
    "rougeLsum": 0.31
  },
  "text_formatting": {
    "rouge1": 0.8573500724146857,
    "rouge2": 0.8037551972339164,
    "rougeL": 0.8565867125863631,
    "rougeLsum": 0.8566904667350312
  },
  "structure_to_text": {
    "rouge1": 0.5462187325178358,
    "rouge2": 0.3071995046161496,
    "rougeL": 0.44010935364866777,
    "rougeLsum": 0.4385352348434274
  },
  "linguistic_acceptability": {
    "accuracy": 0.45,
    "rouge1": 0.45,
    "rouge2": 0.0,
    "rougeL": 0.45,
    "rougeLsum": 0.45
  },
  "word_disambiguation": {
    "f1_score": 0.6735395189003437,
    "accuracy": 0.525,
    "rouge1": 0.525,
    "rouge2": 0.525,
    "rougeL": 0.525,
    "rougeLsum": 0.525
  },
  "coreference": {
    "accuracy": 0.525,
    "rouge1": 0.6205238095238096,
    "rouge2": 0.33,
    "rougeL": 0.6189285714285715,
    "rougeLsum": 0.6206428571428573
  },
  "question_classification": {
    "accuracy": 0.72,
    "rouge1": 0.7233333333333333,
    "rouge2": 0.0,
    "rougeL": 0.7233333333333334,
    "rougeLsum": 0.725
  },
  "overall": {
    "overall_accuracy": 0.5233333333333333,
    "avg_f1_score": 0.6832264523635576,
    "avg_accuracy": 0.5233333333333333,
    "avg_rouge1": 0.5803032434737081,
    "avg_rouge2": 0.27386933773125827,
    "avg_rougeL": 0.5667447463746169,
    "avg_rougeLsum": 0.5669835698401645
  }
}