{
  "paraphrase": {
    "f1_score": 0.7209302325581395,
    "accuracy": 0.64,
    "rouge1": 0.64,
    "rouge2": 0.0,
    "rougeL": 0.64,
    "rougeLsum": 0.64
  },
  "entailment": {
    "accuracy": 0.285,
    "rouge1": 0.285,
    "rouge2": 0.24,
    "rougeL": 0.285,
    "rougeLsum": 0.285
  },
  "text_formatting": {
    "rouge1": 0.8738018661209925,
    "rouge2": 0.8177469399549384,
    "rougeL": 0.8671123122340538,
    "rougeLsum": 0.8674708300898624
  },
  "structure_to_text": {
    "rouge1": 0.5304930158843422,
    "rouge2": 0.2809605236467283,
    "rougeL": 0.4154481891737182,
    "rougeLsum": 0.41600057223240205
  },
  "linguistic_acceptability": {
    "accuracy": 0.585,
    "rouge1": 0.585,
    "rouge2": 0.0,
    "rougeL": 0.585,
    "rougeLsum": 0.585
  },
  "word_disambiguation": {
    "f1_score": 0.45161290322580644,
    "accuracy": 0.49,
    "rouge1": 0.49,
    "rouge2": 0.49,
    "rougeL": 0.49,
    "rougeLsum": 0.49
  },
  "coreference": {
    "accuracy": 0.535,
    "rouge1": 0.6299285714285716,
    "rouge2": 0.33,
    "rougeL": 0.6289285714285715,
    "rougeLsum": 0.6300595238095239
  },
  "question_classification": {
    "accuracy": 0.6,
    "rouge1": 0.6,
    "rouge2": 0.0,
    "rougeL": 0.6,
    "rougeLsum": 0.6
  },
  "overall": {
    "overall_accuracy": 0.5225,
    "avg_f1_score": 0.586271567891973,
    "avg_accuracy": 0.5225000000000001,
    "avg_rouge1": 0.5792779316792382,
    "avg_rouge2": 0.2698384329502083,
    "avg_rougeL": 0.5639361341045429,
    "avg_rougeLsum": 0.5641913657664736
  }
}