{
  "paraphrase": {
    "f1_score": 0.8357142857142857,
    "accuracy": 0.77
  },
  "entailment": {
    "accuracy": 0.62
  },
  "text_formatting": {
    "rouge1": 0.9195078165487747,
    "rouge2": 0.8758460303968784,
    "rougeL": 0.9161314177899074,
    "rougeLsum": 0.9158910392189497
  },
  "structure_to_text": {
    "rouge1": 0.5770471500902645,
    "rouge2": 0.3440294531673552,
    "rougeL": 0.4734903749379761,
    "rougeLsum": 0.4746416701577972
  },
  "linguistic_acceptability": {
    "accuracy": 0.72
  },
  "word_disambiguation": {
    "f1_score": 0.671875,
    "accuracy": 0.58
  },
  "coreference": {
    "accuracy": 0.545
  },
  "question_classification": {
    "accuracy": 0.85
  },
  "overall": {
    "overall_accuracy": 0.6808333333333333,
    "avg_f1_score": 0.7537946428571429,
    "avg_accuracy": 0.6808333333333333,
    "avg_rouge1": 0.7482774833195196,
    "avg_rouge2": 0.6099377417821168,
    "avg_rougeL": 0.6948108963639417,
    "avg_rougeLsum": 0.6952663546883734
  }
}