{
  "paraphrase": {
    "rouge1": 0.38,
    "rouge2": 0.0,
    "rougeL": 0.38,
    "rougeLsum": 0.38
  },
  "entailment": {
    "rouge1": 0.345,
    "rouge2": 0.0,
    "rougeL": 0.345,
    "rougeLsum": 0.345
  },
  "text_formatting": {
    "rouge1": 0.714460725900659,
    "rouge2": 0.6761136851745121,
    "rougeL": 0.7130139815678065,
    "rougeLsum": 0.7111229999459365
  },
  "structure_to_text": {
    "rouge1": 0.3681344498337534,
    "rouge2": 0.18288290940380816,
    "rougeL": 0.29477863548033034,
    "rougeLsum": 0.30208937761598115
  },
  "linguistic_acceptability": {
    "rouge1": 0.645,
    "rouge2": 0.0,
    "rougeL": 0.645,
    "rougeLsum": 0.64
  },
  "word_disambiguation": {
    "rouge1": 0.4910526315789474,
    "rouge2": 0.49058823529411766,
    "rougeL": 0.4913603238866397,
    "rougeLsum": 0.4911295546558705
  },
  "coreference": {
    "rouge1": 0.6372559523809525,
    "rouge2": 0.354,
    "rougeL": 0.6391249999999999,
    "rougeLsum": 0.6407678571428572
  },
  "question_classification": {
    "rouge1": 0.35,
    "rouge2": 0.0,
    "rougeL": 0.35,
    "rougeLsum": 0.35
  },
  "total": {
    "rouge1": 0.4919962442957363,
    "rouge2": 0.21268301526395306,
    "rougeL": 0.482405481186727,
    "rougeLsum": 0.482932726669384
  }
}