{
  "paraphrase": {
    "rouge1": 0.11672434999897846,
    "rouge2": 0.0,
    "rougeL": 0.11616966163091416,
    "rougeLsum": 0.11639776510591696
  },
  "entailment": {
    "rouge1": 0.26307437305327114,
    "rouge2": 0.017700228832951942,
    "rougeL": 0.2610844568476661,
    "rougeLsum": 0.2647576210032279
  },
  "text_formatting": {
    "rouge1": 0.9020672110546307,
    "rouge2": 0.8615661530743373,
    "rougeL": 0.9004502125516984,
    "rougeLsum": 0.8977905964555964
  },
  "structure_to_text": {
    "rouge1": 0.42510137882217436,
    "rouge2": 0.21237791959906022,
    "rougeL": 0.33789681154692774,
    "rougeLsum": 0.34481431130314566
  },
  "linguistic_acceptability": {
    "rouge1": 0.39463767377152226,
    "rouge2": 0.0,
    "rougeL": 0.39450626042101616,
    "rougeLsum": 0.39366873737761077
  },
  "word_disambiguation": {
    "rouge1": 0.22624976669194108,
    "rouge2": 0.18748870067772117,
    "rougeL": 0.22546983472609225,
    "rougeLsum": 0.22505833770842354
  },
  "coreference": {
    "rouge1": 0.5383585914085913,
    "rouge2": 0.29876796814296813,
    "rougeL": 0.54143846986347,
    "rougeLsum": 0.5388610472860473
  },
  "question_classification": {
    "rouge1": 0.14636935378464613,
    "rouge2": 0.0,
    "rougeL": 0.14683110367892976,
    "rougeLsum": 0.1469345711759505
  },
  "total": {
    "rouge1": 0.3766113836590656,
    "rouge2": 0.19781013848859522,
    "rougeL": 0.3664698178049155,
    "rougeLsum": 0.3659185136826407
  }
}