{
  "paraphrase": {
    "rouge1": 0.48826884317277064,
    "rouge2": 0.0,
    "rougeL": 0.48699837768320403,
    "rougeLsum": 0.4874628143392189
  },
  "entailment": {
    "rouge1": 0.345,
    "rouge2": 0.0,
    "rougeL": 0.345,
    "rougeLsum": 0.345
  },
  "text_formatting": {
    "rouge1": 0.679749538105347,
    "rouge2": 0.6271407774105868,
    "rougeL": 0.6739307236516401,
    "rougeLsum": 0.67313261848267
  },
  "structure_to_text": {
    "rouge1": 0.35729696750215023,
    "rouge2": 0.17516603202241288,
    "rougeL": 0.2886761750890494,
    "rougeLsum": 0.2960372425858959
  },
  "linguistic_acceptability": {
    "rouge1": 0.645,
    "rouge2": 0.0,
    "rougeL": 0.645,
    "rougeLsum": 0.65
  },
  "word_disambiguation": {
    "rouge1": 0.4419262698448637,
    "rouge2": 0.43614724980901454,
    "rougeL": 0.44182179174530617,
    "rougeLsum": 0.4445107669313905
  },
  "coreference": {
    "rouge1": 0.6338333333333334,
    "rouge2": 0.35,
    "rougeL": 0.6343809523809524,
    "rougeLsum": 0.6335952380952381
  },
  "question_classification": {
    "rouge1": 0.28,
    "rouge2": 0.0,
    "rougeL": 0.28,
    "rougeLsum": 0.28
  },
  "total": {
    "rouge1": 0.48333407253745475,
    "rouge2": 0.19850930731840033,
    "rougeL": 0.474678658721718,
    "rougeLsum": 0.4759876256955813
  }
}