{
  "paraphrase": {
    "f1_score": 0.7581227436823105,
    "accuracy": 0.665
  },
  "entailment": {
    "accuracy": 0.425
  },
  "text_formatting": {
    "rouge1": 0.9017736601233021,
    "rouge2": 0.860917214859874,
    "rougeL": 0.9007645053805712,
    "rougeLsum": 0.9009706114818252
  },
  "structure_to_text": {
    "rouge1": 0.4896721957878251,
    "rouge2": 0.26454798472817936,
    "rougeL": 0.39740839121538074,
    "rougeLsum": 0.39808485973820085
  },
  "linguistic_acceptability": {
    "mcc": 0.049486954711065075,
    "accuracy": 0.555
  },
  "word_disambiguation": {
    "f1_score": 0.6718146718146718,
    "accuracy": 0.575
  },
  "coreference": {
    "accuracy": 0.53
  },
  "question_classification": {
    "accuracy": 0.61
  },
  "overall": {
    "overall_accuracy": 0.56,
    "avg_f1_score": 0.7149687077484912,
    "avg_accuracy": 0.5599999999999999,
    "avg_rouge1": 0.6957229279555636,
    "avg_rouge2": 0.5627325997940267,
    "avg_rougeL": 0.6490864482979759,
    "avg_rougeLsum": 0.6495277356100131,
    "avg_mcc": 0.049486954711065075
  }
}