{
  "paraphrase": {
    "f1_score": 0.7581227436823105,
    "accuracy": 0.665
  },
  "entailment": {
    "accuracy": 0.425
  },
  "text_formatting": {
    "rouge1": 0.9015067237310022,
    "rouge2": 0.8621380330202599,
    "rougeL": 0.9004954601303443,
    "rougeLsum": 0.900719353857349
  },
  "structure_to_text": {
    "rouge1": 0.4911274175843158,
    "rouge2": 0.2647444884906722,
    "rougeL": 0.39756513869243815,
    "rougeLsum": 0.397681039520867
  },
  "linguistic_acceptability": {
    "accuracy": 0.555
  },
  "word_disambiguation": {
    "f1_score": 0.6718146718146718,
    "accuracy": 0.575
  },
  "coreference": {
    "accuracy": 0.53
  },
  "question_classification": {
    "accuracy": 0.61
  },
  "overall": {
    "overall_accuracy": 0.56,
    "avg_f1_score": 0.7149687077484912,
    "avg_accuracy": 0.5599999999999999,
    "avg_rouge1": 0.6963170706576589,
    "avg_rouge2": 0.5634412607554661,
    "avg_rougeL": 0.6490302994113912,
    "avg_rougeLsum": 0.649200196689108
  }
}