{
  "paraphrase": {
    "accuracy": 0.6
  },
  "entailment": {
    "accuracy": 0.4
  },
  "text_formatting": {
    "rouge1": 0.8613341520124366,
    "rouge2": 0.8160397761712141,
    "rougeL": 0.8556504802583248,
    "rougeLsum": 0.8546240352963758
  },
  "structure_to_text": {
    "rouge1": 0.4627635276099221,
    "rouge2": 0.2563923790559718,
    "rougeL": 0.3707799300621513,
    "rougeLsum": 0.37299629706870185
  },
  "linguistic_acceptability": {
    "accuracy": 0.455
  },
  "word_disambiguation": {
    "accuracy": 0.51
  },
  "coreference": {
    "accuracy": 0.56
  },
  "question_classification": {
    "accuracy": 0.37
  }
}