{
  "paraphrase": {
    "accuracy": 0.515
  },
  "entailment": {
    "accuracy": 0.36
  },
  "text_formatting": {
    "rouge1": 0.8587413983406076,
    "rouge2": 0.8168175001420683,
    "rougeL": 0.8545547260372748,
    "rougeLsum": 0.852477018542364
  },
  "structure_to_text": {
    "rouge1": 0.4600967876566228,
    "rouge2": 0.25511119311638475,
    "rougeL": 0.36835291315887175,
    "rougeLsum": 0.3719985389474585
  },
  "linguistic_acceptability": {
    "accuracy": 0.485
  },
  "word_disambiguation": {
    "accuracy": 0.51
  },
  "coreference": {
    "accuracy": 0.555
  },
  "question_classification": {
    "accuracy": 0.375
  }
}