{
  "paraphrase": {
    "accuracy": 0.02
  },
  "entailment": {
    "accuracy": 0.005
  },
  "text_formatting": {
    "rouge1": 0.9149302331442721,
    "rouge2": 0.871047855644141,
    "rougeL": 0.911862775682218,
    "rougeLsum": 0.9108222043749679
  },
  "structure_to_text": {
    "rouge1": 0.509069362301068,
    "rouge2": 0.28576738114147704,
    "rougeL": 0.4061915416402075,
    "rougeLsum": 0.40993299074876366
  },
  "linguistic_acceptability": {
    "accuracy": 0.015
  },
  "word_disambiguation": {
    "accuracy": 0.16
  },
  "coreference": {
    "accuracy": 0.365
  },
  "question_classification": {
    "accuracy": 0.02
  }
}