{
  "paraphrase": {
    "rouge1": 0.5426500000000001,
    "rouge2": 0.0,
    "rougeL": 0.5401,
    "rougeLsum": 0.54
  },
  "entailment": {
    "rouge1": 0.345,
    "rouge2": 0.0,
    "rougeL": 0.345,
    "rougeLsum": 0.34
  },
  "text_formatting": {
    "rouge1": 0.7033620772072344,
    "rouge2": 0.6551651708553079,
    "rougeL": 0.6961777690961835,
    "rougeLsum": 0.6955360356887904
  },
  "structure_to_text": {
    "rouge1": 0.36628423501364504,
    "rouge2": 0.18249641424638105,
    "rougeL": 0.2944175997371005,
    "rougeLsum": 0.30119338788832145
  },
  "linguistic_acceptability": {
    "rouge1": 0.65,
    "rouge2": 0.0,
    "rougeL": 0.645,
    "rougeLsum": 0.645
  },
  "word_disambiguation": {
    "rouge1": 0.455,
    "rouge2": 0.455,
    "rougeL": 0.455,
    "rougeLsum": 0.455
  },
  "coreference": {
    "rouge1": 0.6188095238095239,
    "rouge2": 0.34,
    "rougeL": 0.6221785714285715,
    "rougeLsum": 0.6236666666666666
  },
  "question_classification": {
    "rouge1": 0.385,
    "rouge2": 0.0,
    "rougeL": 0.39,
    "rougeLsum": 0.39
  },
  "total": {
    "rouge1": 0.5078918379449735,
    "rouge2": 0.20350270957976418,
    "rougeL": 0.4975957710800062,
    "rougeLsum": 0.49868745766749056
  }
}