{
  "paraphrase": {
    "rouge1": 0.14110417077831572,
    "rouge2": 0.0,
    "rougeL": 0.13951507090408127,
    "rougeLsum": 0.1399883288710382
  },
  "entailment": {
    "rouge1": 0.3026373319662793,
    "rouge2": 0.016785714285714286,
    "rougeL": 0.30331150793650796,
    "rougeLsum": 0.3022107237791448
  },
  "text_formatting": {
    "rouge1": 0.7381416223608859,
    "rouge2": 0.6831327470223088,
    "rougeL": 0.7305897146682017,
    "rougeLsum": 0.7313877375586889
  },
  "structure_to_text": {
    "rouge1": 0.42194458173177773,
    "rouge2": 0.21904816181746156,
    "rougeL": 0.3345503862128294,
    "rougeLsum": 0.3374091037202058
  },
  "linguistic_acceptability": {
    "rouge1": 0.444377703390222,
    "rouge2": 0.0,
    "rougeL": 0.4439043861942638,
    "rougeLsum": 0.4458472647848406
  },
  "word_disambiguation": {
    "rouge1": 0.24269884421515092,
    "rouge2": 0.2021894050051888,
    "rougeL": 0.24194840739151713,
    "rougeLsum": 0.244591834556111
  },
  "coreference": {
    "rouge1": 0.5991172161172161,
    "rouge2": 0.3424038461538461,
    "rougeL": 0.6001501831501831,
    "rougeLsum": 0.600327380952381
  },
  "question_classification": {
    "rouge1": 0.13052631578947368,
    "rouge2": 0.0,
    "rougeL": 0.12692219679633865,
    "rougeLsum": 0.13
  },
  "total": {
    "rouge1": 0.3777355632363197,
    "rouge2": 0.18273918921144178,
    "rougeL": 0.3660960746297933,
    "rougeLsum": 0.36698538516679424
  }
}