{
  "paraphrase": {
    "rouge1": 0.595,
    "rouge2": 0.0,
    "rougeL": 0.59,
    "rougeLsum": 0.595
  },
  "entailment": {
    "rouge1": 0.35,
    "rouge2": 0.0,
    "rougeL": 0.345,
    "rougeLsum": 0.345
  },
  "text_formatting": {
    "rouge1": 0.7309566304147077,
    "rouge2": 0.6857535271560131,
    "rougeL": 0.7274724604016699,
    "rougeLsum": 0.725615094917168
  },
  "structure_to_text": {
    "rouge1": 0.3778198825998318,
    "rouge2": 0.19024604565509,
    "rougeL": 0.3030741436365858,
    "rougeLsum": 0.3089263190539058
  },
  "linguistic_acceptability": {
    "rouge1": 0.645,
    "rouge2": 0.0,
    "rougeL": 0.645,
    "rougeLsum": 0.645
  },
  "word_disambiguation": {
    "rouge1": 0.49,
    "rouge2": 0.49,
    "rougeL": 0.49,
    "rougeLsum": 0.49
  },
  "coreference": {
    "rouge1": 0.6225952380952381,
    "rouge2": 0.335,
    "rougeL": 0.621154761904762,
    "rougeLsum": 0.6218452380952381
  },
  "question_classification": {
    "rouge1": 0.305,
    "rouge2": 0.0,
    "rougeL": 0.305,
    "rougeLsum": 0.305
  },
  "total": {
    "rouge1": 0.5131091230926976,
    "rouge2": 0.21315978207275987,
    "rougeL": 0.5044679751424634,
    "rougeLsum": 0.5042330526588352
  }
}