{
  "paraphrase": {
    "rouge1": 0.13917016209962865,
    "rouge2": 0.0,
    "rougeL": 0.13943896670620992,
    "rougeLsum": 0.13962715902366057
  },
  "entailment": {
    "rouge1": 0.3020343890028101,
    "rouge2": 0.016785714285714286,
    "rougeL": 0.30331559960507326,
    "rougeLsum": 0.30262917900812636
  },
  "text_formatting": {
    "rouge1": 0.738451254158232,
    "rouge2": 0.6858208297039197,
    "rougeL": 0.7304485212950833,
    "rougeLsum": 0.7304410088962274
  },
  "structure_to_text": {
    "rouge1": 0.4229396334254587,
    "rouge2": 0.21950013093020007,
    "rougeL": 0.3344704743705552,
    "rougeLsum": 0.3380046457038648
  },
  "linguistic_acceptability": {
    "rouge1": 0.4434270089103849,
    "rouge2": 0.0,
    "rougeL": 0.44540898256855993,
    "rougeLsum": 0.4438840724829082
  },
  "word_disambiguation": {
    "rouge1": 0.24447095798690432,
    "rouge2": 0.2031588908783426,
    "rougeL": 0.2431673361252677,
    "rougeLsum": 0.2430554431188333
  },
  "coreference": {
    "rouge1": 0.5976488095238095,
    "rouge2": 0.341544289044289,
    "rougeL": 0.6000860805860806,
    "rougeLsum": 0.6016204212454213
  },
  "question_classification": {
    "rouge1": 0.1308695652173913,
    "rouge2": 0.0,
    "rougeL": 0.1308695652173913,
    "rougeLsum": 0.13105263157894737
  },
  "total": {
    "rouge1": 0.37764065137811575,
    "rouge2": 0.1829992545814454,
    "rougeL": 0.36569980700658083,
    "rougeLsum": 0.36679650782748396
  }
}