{
  "paraphrase": {
    "f1_score": 0.6434782608695652,
    "accuracy": 0.59
  },
  "entailment": {
    "accuracy": 0.485
  },
  "text_formatting": {
    "rouge1": 0.9087492464102548,
    "rouge2": 0.8578501989640197,
    "rougeL": 0.9061278851853956,
    "rougeLsum": 0.9061965315721028
  },
  "structure_to_text": {
    "rouge1": 0.5554847267261719,
    "rouge2": 0.3073789495844,
    "rougeL": 0.4472539838846906,
    "rougeLsum": 0.4484811831108422
  },
  "linguistic_acceptability": {
    "accuracy": 0.48
  },
  "word_disambiguation": {
    "f1_score": 0.6523605150214592,
    "accuracy": 0.595
  },
  "coreference": {
    "accuracy": 0.525
  },
  "question_classification": {
    "accuracy": 0.675
  },
  "overall": {
    "overall_accuracy": 0.5583333333333333,
    "avg_f1_score": 0.6479193879455122,
    "avg_accuracy": 0.5583333333333332,
    "avg_rouge1": 0.7321169865682133,
    "avg_rouge2": 0.5826145742742098,
    "avg_rougeL": 0.6766909345350431,
    "avg_rougeLsum": 0.6773388573414725
  }
}