{
  "paraphrase": {
    "accuracy": 0.695
  },
  "entailment": {
    "accuracy": 0.595
  },
  "text_formatting": {
    "rouge1": 0.9256151687391321,
    "rouge2": 0.8926983979087427,
    "rougeL": 0.9245123343011132,
    "rougeLsum": 0.9244867460789542
  },
  "structure_to_text": {
    "rouge1": 0.5230784725335949,
    "rouge2": 0.2968443831964152,
    "rougeL": 0.43155167416300744,
    "rougeLsum": 0.43244809600329903
  },
  "linguistic_acceptability": {
    "accuracy": 0.555
  },
  "word_disambiguation": {
    "accuracy": 0.565
  },
  "coreference": {
    "accuracy": 0.51
  },
  "question_classification": {
    "accuracy": 0.725
  }
}