{
  "paraphrase": {
    "f1_score": 0.5290322580645161,
    "accuracy": 0.635
  },
  "entailment": {
    "accuracy": 0.515
  },
  "text_formatting": {
    "rouge1": 0.9112620220683811,
    "rouge2": 0.8659147433460279,
    "rougeL": 0.9110822262629699,
    "rougeLsum": 0.9108107873005306
  },
  "structure_to_text": {
    "rouge1": 0.5773791294379238,
    "rouge2": 0.3281232235684871,
    "rougeL": 0.4634395055839803,
    "rougeLsum": 0.46274920063342806
  },
  "linguistic_acceptability": {
    "mcc": 0.12140675596133854,
    "accuracy": 0.52
  },
  "word_disambiguation": {
    "f1_score": 0.46835443037974683,
    "accuracy": 0.58
  },
  "coreference": {
    "f1_macro": 0.3668944099378882,
    "f1_weighted": 0.4723095238095238,
    "accuracy": 0.525
  },
  "question_classification": {
    "accuracy": 0.65
  },
  "overall": {
    "overall_accuracy": 0.5708333333333333,
    "avg_f1_score": 0.4986933442221315,
    "avg_accuracy": 0.5708333333333333,
    "avg_rouge1": 0.7443205757531525,
    "avg_rouge2": 0.5970189834572575,
    "avg_rougeL": 0.6872608659234751,
    "avg_rougeLsum": 0.6867799939669793,
    "avg_mcc": 0.12140675596133854,
    "avg_f1_macro": 0.3668944099378882,
    "avg_f1_weighted": 0.4723095238095238
  }
}