{
  "paraphrase": {
    "f1_score": 0.7020408163265306,
    "accuracy": 0.635
  },
  "entailment": {
    "accuracy": 0.515
  },
  "text_formatting": {
    "rouge1": 0.9114845724402876,
    "rouge2": 0.8656215655478725,
    "rougeL": 0.9115332799387347,
    "rougeLsum": 0.9107117708025552
  },
  "structure_to_text": {
    "rouge1": 0.5778184398064096,
    "rouge2": 0.32790056633192277,
    "rougeL": 0.4631344576403299,
    "rougeLsum": 0.4625788840487619
  },
  "linguistic_acceptability": {
    "accuracy": 0.52
  },
  "word_disambiguation": {
    "f1_score": 0.6528925619834711,
    "accuracy": 0.58
  },
  "coreference": {
    "accuracy": 0.525
  },
  "question_classification": {
    "accuracy": 0.65
  },
  "overall": {
    "overall_accuracy": 0.5708333333333333,
    "avg_f1_score": 0.6774666891550009,
    "avg_accuracy": 0.5708333333333333,
    "avg_rouge1": 0.7446515061233485,
    "avg_rouge2": 0.5967610659398976,
    "avg_rougeL": 0.6873338687895323,
    "avg_rougeLsum": 0.6866453274256585
  }
}