{
  "paraphrase": {
    "f1_score": 0.7020408163265306,
    "accuracy": 0.635
  },
  "entailment": {
    "accuracy": 0.515
  },
  "text_formatting": {
    "rouge1": 0.912192852644526,
    "rouge2": 0.8653548529723276,
    "rougeL": 0.9095966312149816,
    "rougeLsum": 0.9105006039611411
  },
  "structure_to_text": {
    "rouge1": 0.5782326482208808,
    "rouge2": 0.32862749725824736,
    "rougeL": 0.4630083352848581,
    "rougeLsum": 0.4638632418557497
  },
  "linguistic_acceptability": {
    "mcc": 0.12140675596133854,
    "accuracy": 0.52
  },
  "word_disambiguation": {
    "f1_score": 0.6528925619834711,
    "accuracy": 0.58
  },
  "coreference": {
    "accuracy": 0.525
  },
  "question_classification": {
    "accuracy": 0.65
  },
  "overall": {
    "overall_accuracy": 0.5708333333333333,
    "avg_f1_score": 0.6774666891550009,
    "avg_accuracy": 0.5708333333333333,
    "avg_rouge1": 0.7452127504327034,
    "avg_rouge2": 0.5969911751152874,
    "avg_rougeL": 0.6863024832499198,
    "avg_rougeLsum": 0.6871819229084454,
    "avg_mcc": 0.12140675596133854
  }
}