{
  "paraphrase": {
    "accuracy": 0.63
  },
  "entailment": {
    "accuracy": 0.345
  },
  "text_formatting": {
    "rouge1": 0.6837973797479824,
    "rouge2": 0.6402633162198712,
    "rougeL": 0.6828678482601707,
    "rougeLsum": 0.6823716070454204
  },
  "structure_to_text": {
    "rouge1": 0.36842582577611876,
    "rouge2": 0.1804219620840419,
    "rougeL": 0.2972079012358797,
    "rougeLsum": 0.3026237078482644
  },
  "linguistic_acceptability": {
    "accuracy": 0.63
  },
  "word_disambiguation": {
    "accuracy": 0.475
  },
  "coreference": {
    "accuracy": 0.505
  },
  "question_classification": {
    "accuracy": 0.3
  }
}