{
  "paraphrase": {
    "accuracy": 0.485
  },
  "entailment": {
    "accuracy": 0.345
  },
  "text_formatting": {
    "rouge1": 0.6794390158608816,
    "rouge2": 0.6271959275035912,
    "rougeL": 0.6752112203338252,
    "rougeLsum": 0.6743316296847542
  },
  "structure_to_text": {
    "rouge1": 0.35756716135848293,
    "rouge2": 0.1758132270864114,
    "rougeL": 0.28984548456001114,
    "rougeLsum": 0.29454864860798424
  },
  "linguistic_acceptability": {
    "accuracy": 0.645
  },
  "word_disambiguation": {
    "accuracy": 0.43
  },
  "coreference": {
    "accuracy": 0.55
  },
  "question_classification": {
    "accuracy": 0.28
  }
}