{
  "paraphrase": {
    "accuracy": 0.38
  },
  "entailment": {
    "accuracy": 0.345
  },
  "text_formatting": {
    "rouge1": 0.7138335772521185,
    "rouge2": 0.6750426744633484,
    "rougeL": 0.7126622124522944,
    "rougeLsum": 0.7111899152042325
  },
  "structure_to_text": {
    "rouge1": 0.3675726187924496,
    "rouge2": 0.18354114007115768,
    "rougeL": 0.29481492670470194,
    "rougeLsum": 0.30336313292835637
  },
  "linguistic_acceptability": {
    "accuracy": 0.645
  },
  "word_disambiguation": {
    "accuracy": 0.49
  },
  "coreference": {
    "accuracy": 0.545
  },
  "question_classification": {
    "accuracy": 0.35
  }
}