{
  "paraphrase": {
    "accuracy": 0.135
  },
  "entailment": {
    "accuracy": 0.28
  },
  "text_formatting": {
    "rouge1": 0.7369174684692062,
    "rouge2": 0.6859536461556865,
    "rougeL": 0.7311238899868195,
    "rougeLsum": 0.731170386044423
  },
  "structure_to_text": {
    "rouge1": 0.4230106999234854,
    "rouge2": 0.2192417578005527,
    "rougeL": 0.33410946633610383,
    "rougeLsum": 0.33774076194445446
  },
  "linguistic_acceptability": {
    "accuracy": 0.435
  },
  "word_disambiguation": {
    "accuracy": 0.17
  },
  "coreference": {
    "accuracy": 0.51
  },
  "question_classification": {
    "accuracy": 0.13
  }
}