{
  "paraphrase": {
    "accuracy": 0.605
  },
  "entailment": {
    "accuracy": 0.385
  },
  "text_formatting": {
    "rouge1": 0.7366820418872821,
    "rouge2": 0.6992717167151845,
    "rougeL": 0.7350271122032885,
    "rougeLsum": 0.7351515930363145
  },
  "structure_to_text": {
    "rouge1": 0.36933568073852974,
    "rouge2": 0.1867379226054888,
    "rougeL": 0.30007960289468216,
    "rougeLsum": 0.3053604073075128
  },
  "linguistic_acceptability": {
    "accuracy": 0.645
  },
  "word_disambiguation": {
    "accuracy": 0.455
  },
  "coreference": {
    "accuracy": 0.545
  },
  "question_classification": {
    "accuracy": 0.3
  }
}