{
  "paraphrase": {
    "f1_score": 0.7639484978540773,
    "accuracy": 0.725
  },
  "entailment": {
    "accuracy": 0.77
  },
  "text_formatting": {
    "rouge1": 0.9378859780134297,
    "rouge2": 0.8978639128941741,
    "rougeL": 0.9374810343619479,
    "rougeLsum": 0.9380520081124286
  },
  "structure_to_text": {
    "rouge1": 0.6536773893586967,
    "rouge2": 0.4061948484930541,
    "rougeL": 0.5204180738720012,
    "rougeLsum": 0.5212894680173332
  },
  "linguistic_acceptability": {
    "accuracy": 0.74
  },
  "word_disambiguation": {
    "f1_score": 0.6387434554973822,
    "accuracy": 0.655
  },
  "coreference": {
    "accuracy": 0.635
  },
  "question_classification": {
    "accuracy": 0.9
  },
  "overall": {
    "overall_accuracy": 0.7375,
    "avg_f1_score": 0.7013459766757297,
    "avg_accuracy": 0.7375000000000002,
    "avg_rouge1": 0.7957816836860632,
    "avg_rouge2": 0.6520293806936142,
    "avg_rougeL": 0.7289495541169746,
    "avg_rougeLsum": 0.7296707380648809
  }
}