{
  "paraphrase": {
    "f1_score": 0.7639484978540773,
    "accuracy": 0.725
  },
  "entailment": {
    "accuracy": 0.77
  },
  "text_formatting": {
    "rouge1": 0.9385738196155038,
    "rouge2": 0.8995915809829855,
    "rougeL": 0.9377091595207128,
    "rougeLsum": 0.9381206583571808
  },
  "structure_to_text": {
    "rouge1": 0.6530862807208473,
    "rouge2": 0.4053363091754272,
    "rougeL": 0.5208799484125112,
    "rougeLsum": 0.5206396873147068
  },
  "linguistic_acceptability": {
    "mcc": 0.4068730274756823,
    "accuracy": 0.74
  },
  "word_disambiguation": {
    "f1_score": 0.6387434554973822,
    "accuracy": 0.655
  },
  "coreference": {
    "accuracy": 0.635
  },
  "question_classification": {
    "accuracy": 0.9
  },
  "overall": {
    "overall_accuracy": 0.7375,
    "avg_f1_score": 0.7013459766757297,
    "avg_accuracy": 0.7375000000000002,
    "avg_rouge1": 0.7958300501681755,
    "avg_rouge2": 0.6524639450792064,
    "avg_rougeL": 0.729294553966612,
    "avg_rougeLsum": 0.7293801728359438,
    "avg_mcc": 0.4068730274756823
  }
}