{
  "paraphrase": {
    "accuracy": 0.725
  },
  "entailment": {
    "accuracy": 0.77
  },
  "text_formatting": {
    "rouge1": 0.9387307945301323,
    "rouge2": 0.8989809711432586,
    "rougeL": 0.9375193273771161,
    "rougeLsum": 0.9378040919970589
  },
  "structure_to_text": {
    "rouge1": 0.6542781400510908,
    "rouge2": 0.40541728132613564,
    "rougeL": 0.521727776474056,
    "rougeLsum": 0.5212175375220309
  },
  "linguistic_acceptability": {
    "accuracy": 0.74
  },
  "word_disambiguation": {
    "accuracy": 0.655
  },
  "coreference": {
    "accuracy": 0.635
  },
  "question_classification": {
    "accuracy": 0.9
  }
}