{
  "paraphrase": {
    "f1_score": 0.696,
    "accuracy": 0.62,
    "rouge1": 0.62,
    "rouge2": 0.0,
    "rougeL": 0.62,
    "rougeLsum": 0.62
  },
  "entailment": {
    "accuracy": 0.485,
    "rouge1": 0.485,
    "rouge2": 0.155,
    "rougeL": 0.485,
    "rougeLsum": 0.485
  },
  "text_formatting": {
    "rouge1": 0.9278540948347045,
    "rouge2": 0.8865595631799561,
    "rougeL": 0.9278875215162645,
    "rougeLsum": 0.928161691839785
  },
  "structure_to_text": {
    "rouge1": 0.5440497513870521,
    "rouge2": 0.3028539992016483,
    "rougeL": 0.4334271457709804,
    "rougeLsum": 0.43457811491814635
  },
  "linguistic_acceptability": {
    "accuracy": 0.515,
    "rouge1": 0.515,
    "rouge2": 0.0,
    "rougeL": 0.515,
    "rougeLsum": 0.515
  },
  "word_disambiguation": {
    "f1_score": 0.6690647482014388,
    "accuracy": 0.54,
    "rouge1": 0.535,
    "rouge2": 0.54,
    "rougeL": 0.54,
    "rougeLsum": 0.54
  },
  "coreference": {
    "accuracy": 0.52,
    "rouge1": 0.6155952380952381,
    "rouge2": 0.325,
    "rougeL": 0.6147261904761905,
    "rougeLsum": 0.6154404761904763
  },
  "question_classification": {
    "accuracy": 0.65,
    "rouge1": 0.65,
    "rouge2": 0.0,
    "rougeL": 0.65,
    "rougeLsum": 0.65
  },
  "overall": {
    "overall_accuracy": 0.555,
    "avg_f1_score": 0.6825323741007194,
    "avg_accuracy": 0.555,
    "avg_rouge1": 0.6115623855396244,
    "avg_rouge2": 0.27617669529770056,
    "avg_rougeL": 0.5982551072204294,
    "avg_rougeLsum": 0.598522535368551
  }
}