{
  "paraphrase": {
    "accuracy": 0.605
  },
  "entailment": {
    "accuracy": 0.615
  },
  "text_formatting": {
    "rouge1": 0.9108560239062364,
    "rouge2": 0.8753154117053934,
    "rougeL": 0.9078638576353562,
    "rougeLsum": 0.9079276178982638
  },
  "structure_to_text": {
    "rouge1": 0.5756053468892728,
    "rouge2": 0.32662048995795046,
    "rougeL": 0.45486097154599314,
    "rougeLsum": 0.453338627443866
  },
  "linguistic_acceptability": {
    "accuracy": 0.63
  },
  "word_disambiguation": {
    "accuracy": 0.61
  },
  "coreference": {
    "accuracy": 0.55
  },
  "question_classification": {
    "accuracy": 0.795
  }
}