{
  "paraphrase": {
    "f1_score": 0.029556650246305417,
    "accuracy": 0.015,
    "rouge1": 0.07914201936635958,
    "rouge2": 0.0,
    "rougeL": 0.0800909623473276,
    "rougeLsum": 0.07973340055936888
  },
  "entailment": {
    "accuracy": 0.05,
    "rouge1": 0.22322243161169042,
    "rouge2": 0.1523962974816241,
    "rougeL": 0.22382852541166967,
    "rougeLsum": 0.22417595548420516
  },
  "text_formatting": {
    "rouge1": 0.7118961002388071,
    "rouge2": 0.5718847088319204,
    "rougeL": 0.6656383932190976,
    "rougeLsum": 0.6650252348557969
  },
  "structure_to_text": {
    "rouge1": 0.6432867555871289,
    "rouge2": 0.3915265650038687,
    "rougeL": 0.5087894836270062,
    "rougeLsum": 0.508262953079363
  },
  "linguistic_acceptability": {
    "accuracy": 0.105,
    "rouge1": 0.181203554696937,
    "rouge2": 0.0,
    "rougeL": 0.1823543705477529,
    "rougeLsum": 0.18257405086743317
  },
  "word_disambiguation": {
    "f1_score": 0.01015228426395939,
    "accuracy": 0.025,
    "rouge1": 0.20176501446004458,
    "rouge2": 0.1400587798819189,
    "rougeL": 0.201912907275832,
    "rougeLsum": 0.2013359027736503
  },
  "coreference": {
    "accuracy": 0.065,
    "rouge1": 0.3790937597833882,
    "rouge2": 0.1878384786051581,
    "rougeL": 0.3795423305982515,
    "rougeLsum": 0.3777052541040543
  },
  "question_classification": {
    "accuracy": 0.0,
    "rouge1": 0.029999745352686527,
    "rouge2": 0.0,
    "rougeL": 0.029962354638825225,
    "rougeLsum": 0.029390363721246072
  },
  "overall": {
    "overall_accuracy": 0.043333333333333335,
    "avg_f1_score": 0.019854467255132402,
    "avg_accuracy": 0.043333333333333335,
    "avg_rouge1": 0.3062011726371303,
    "avg_rouge2": 0.18046310372556126,
    "avg_rougeL": 0.28401491595822037,
    "avg_rougeLsum": 0.28352538943063976
  }
}