{
  "paraphrase": {
    "f1_score": 0.5118483412322274,
    "accuracy": 0.485
  },
  "entailment": {
    "accuracy": 0.37
  },
  "text_formatting": {
    "rouge1": 0.8390384989510022,
    "rouge2": 0.79644662843701,
    "rougeL": 0.8376614706411922,
    "rougeLsum": 0.8359579252168133
  },
  "structure_to_text": {
    "rouge1": 0.41061221174121715,
    "rouge2": 0.2150988120541928,
    "rougeL": 0.33795019160381823,
    "rougeLsum": 0.3394111720477879
  },
  "linguistic_acceptability": {
    "accuracy": 0.495
  },
  "word_disambiguation": {
    "f1_score": 0.5607476635514018,
    "accuracy": 0.53
  },
  "coreference": {
    "accuracy": 0.53
  },
  "question_classification": {
    "accuracy": 0.415
  },
  "overall": {
    "overall_accuracy": 0.4708333333333333,
    "avg_f1_score": 0.5362980023918147,
    "avg_accuracy": 0.4708333333333334,
    "avg_rouge1": 0.6248253553461097,
    "avg_rouge2": 0.5057727202456014,
    "avg_rougeL": 0.5878058311225052,
    "avg_rougeLsum": 0.5876845486323006
  }
}