{
  "paraphrase": {
    "f1_score": 0.455026455026455,
    "accuracy": 0.485
  },
  "entailment": {
    "accuracy": 0.37
  },
  "text_formatting": {
    "rouge1": 0.8402173508481231,
    "rouge2": 0.7953927611269815,
    "rougeL": 0.8375493823803111,
    "rougeLsum": 0.8373351955962854
  },
  "structure_to_text": {
    "rouge1": 0.4103321354892455,
    "rouge2": 0.2153862592620953,
    "rougeL": 0.3387568849374004,
    "rougeLsum": 0.3381802913001875
  },
  "linguistic_acceptability": {
    "mcc": -0.05970166412518994,
    "accuracy": 0.495
  },
  "word_disambiguation": {
    "f1_score": 0.4946236559139785,
    "accuracy": 0.53
  },
  "coreference": {
    "f1_macro": 0.36820544811811184,
    "f1_weighted": 0.47580952380952374,
    "accuracy": 0.53
  },
  "question_classification": {
    "accuracy": 0.415
  },
  "overall": {
    "overall_accuracy": 0.4708333333333333,
    "avg_f1_score": 0.47482505547021675,
    "avg_accuracy": 0.4708333333333334,
    "avg_rouge1": 0.6252747431686843,
    "avg_rouge2": 0.5053895101945384,
    "avg_rougeL": 0.5881531336588557,
    "avg_rougeLsum": 0.5877577434482365,
    "avg_mcc": -0.05970166412518994,
    "avg_f1_macro": 0.36820544811811184,
    "avg_f1_weighted": 0.47580952380952374
  }
}