{
  "paraphrase": {
    "f1_score": 0.5118483412322274,
    "accuracy": 0.485
  },
  "entailment": {
    "accuracy": 0.37
  },
  "text_formatting": {
    "rouge1": 0.8380942365620709,
    "rouge2": 0.7973215088882493,
    "rougeL": 0.8373937841395951,
    "rougeLsum": 0.8374006236926819
  },
  "structure_to_text": {
    "rouge1": 0.4100193007216251,
    "rouge2": 0.21567556002739988,
    "rougeL": 0.33779015637182785,
    "rougeLsum": 0.33961875733199975
  },
  "linguistic_acceptability": {
    "mcc": -0.05970166412518994,
    "accuracy": 0.495
  },
  "word_disambiguation": {
    "f1_score": 0.5607476635514018,
    "accuracy": 0.53
  },
  "coreference": {
    "accuracy": 0.53
  },
  "question_classification": {
    "accuracy": 0.415
  },
  "overall": {
    "overall_accuracy": 0.4708333333333333,
    "avg_f1_score": 0.5362980023918147,
    "avg_accuracy": 0.4708333333333334,
    "avg_rouge1": 0.624056768641848,
    "avg_rouge2": 0.5064985344578246,
    "avg_rougeL": 0.5875919702557115,
    "avg_rougeLsum": 0.5885096905123408,
    "avg_mcc": -0.05970166412518994
  }
}