{
  "paraphrase": {
    "f1_score": 0.6992481203007519,
    "accuracy": 0.6
  },
  "entailment": {
    "accuracy": 0.4
  },
  "text_formatting": {
    "rouge1": 0.8615811123251848,
    "rouge2": 0.8158675745408532,
    "rougeL": 0.8549903370534254,
    "rougeLsum": 0.8541250254011183
  },
  "structure_to_text": {
    "rouge1": 0.4621650197609053,
    "rouge2": 0.25591902561881785,
    "rougeL": 0.37120188461530934,
    "rougeLsum": 0.3744150878592646
  },
  "linguistic_acceptability": {
    "mcc": 0.009555426027325092,
    "accuracy": 0.455
  },
  "word_disambiguation": {
    "f1_score": 0.6754966887417219,
    "accuracy": 0.51
  },
  "coreference": {
    "accuracy": 0.56
  },
  "question_classification": {
    "accuracy": 0.37
  },
  "overall": {
    "overall_accuracy": 0.4825,
    "avg_f1_score": 0.6873724045212368,
    "avg_accuracy": 0.4825000000000001,
    "avg_rouge1": 0.661873066043045,
    "avg_rouge2": 0.5358933000798356,
    "avg_rougeL": 0.6130961108343673,
    "avg_rougeLsum": 0.6142700566301915,
    "avg_mcc": 0.009555426027325092
  }
}