{
  "paraphrase": {
    "f1_score": 0.5703703703703704,
    "accuracy": 0.42
  },
  "entailment": {
    "accuracy": 0.38
  },
  "text_formatting": {
    "rouge1": 0.8607753278300669,
    "rouge2": 0.8133157699987152,
    "rougeL": 0.8534544017876173,
    "rougeLsum": 0.8517794520554849
  },
  "structure_to_text": {
    "rouge1": 0.461628599530187,
    "rouge2": 0.2551240507167718,
    "rougeL": 0.37074607321354236,
    "rougeLsum": 0.377339636779109
  },
  "linguistic_acceptability": {
    "accuracy": 0.48
  },
  "word_disambiguation": {
    "f1_score": 0.6710963455149501,
    "accuracy": 0.505
  },
  "coreference": {
    "accuracy": 0.575
  },
  "question_classification": {
    "accuracy": 0.35
  },
  "overall": {
    "overall_accuracy": 0.45166666666666666,
    "avg_f1_score": 0.6207333579426603,
    "avg_accuracy": 0.4516666666666667,
    "avg_rouge1": 0.661201963680127,
    "avg_rouge2": 0.5342199103577435,
    "avg_rougeL": 0.6121002375005798,
    "avg_rougeLsum": 0.6145595444172969
  }
}