{
  "paraphrase": {
    "f1_score": 0.5314009661835749,
    "accuracy": 0.515
  },
  "entailment": {
    "accuracy": 0.36
  },
  "text_formatting": {
    "rouge1": 0.8595688612218391,
    "rouge2": 0.8170716128620578,
    "rougeL": 0.8533942039957358,
    "rougeLsum": 0.8531325662141555
  },
  "structure_to_text": {
    "rouge1": 0.46017143470512883,
    "rouge2": 0.2570636363214786,
    "rougeL": 0.368063351574323,
    "rougeLsum": 0.37217658605044107
  },
  "linguistic_acceptability": {
    "accuracy": 0.485
  },
  "word_disambiguation": {
    "f1_score": 0.6754966887417219,
    "accuracy": 0.51
  },
  "coreference": {
    "accuracy": 0.555
  },
  "question_classification": {
    "accuracy": 0.375
  },
  "overall": {
    "overall_accuracy": 0.4666666666666667,
    "avg_f1_score": 0.6034488274626484,
    "avg_accuracy": 0.4666666666666666,
    "avg_rouge1": 0.659870147963484,
    "avg_rouge2": 0.5370676245917682,
    "avg_rougeL": 0.6107287777850294,
    "avg_rougeLsum": 0.6126545761322982
  }
}