{
  "paraphrase": {
    "f1_score": 0.0392156862745098,
    "accuracy": 0.02
  },
  "entailment": {
    "accuracy": 0.005
  },
  "text_formatting": {
    "rouge1": 0.9158869448757891,
    "rouge2": 0.872261244737059,
    "rougeL": 0.9125773937655807,
    "rougeLsum": 0.9115884159251826
  },
  "structure_to_text": {
    "rouge1": 0.5072178095405322,
    "rouge2": 0.2857900448940436,
    "rougeL": 0.4068187240902087,
    "rougeLsum": 0.40881402278594536
  },
  "linguistic_acceptability": {
    "accuracy": 0.015
  },
  "word_disambiguation": {
    "f1_score": 0.27586206896551724,
    "accuracy": 0.16
  },
  "coreference": {
    "accuracy": 0.365
  },
  "question_classification": {
    "accuracy": 0.02
  },
  "overall": {
    "overall_accuracy": 0.0975,
    "avg_f1_score": 0.1575388776200135,
    "avg_accuracy": 0.09749999999999999,
    "avg_rouge1": 0.7115523772081607,
    "avg_rouge2": 0.5790256448155513,
    "avg_rougeL": 0.6596980589278947,
    "avg_rougeLsum": 0.660201219355564
  }
}