{
  "paraphrase": {
    "f1_score": 0.7137809187279152,
    "accuracy": 0.595
  },
  "entailment": {
    "accuracy": 0.44
  },
  "text_formatting": {
    "rouge1": 0.8672850663204172,
    "rouge2": 0.8218398978803012,
    "rougeL": 0.8616718032418981,
    "rougeLsum": 0.8607935165145654
  },
  "structure_to_text": {
    "rouge1": 0.4650777025261973,
    "rouge2": 0.250784134254965,
    "rougeL": 0.36773892700760086,
    "rougeLsum": 0.36567385559254545
  },
  "linguistic_acceptability": {
    "mcc": 0.019953173280773076,
    "accuracy": 0.495
  },
  "word_disambiguation": {
    "f1_score": 0.6754966887417219,
    "accuracy": 0.51
  },
  "coreference": {
    "accuracy": 0.545
  },
  "question_classification": {
    "accuracy": 0.485
  },
  "overall": {
    "overall_accuracy": 0.5116666666666667,
    "avg_f1_score": 0.6946388037348186,
    "avg_accuracy": 0.5116666666666666,
    "avg_rouge1": 0.6661813844233073,
    "avg_rouge2": 0.5363120160676331,
    "avg_rougeL": 0.6147053651247495,
    "avg_rougeLsum": 0.6132336860535554,
    "avg_mcc": 0.019953173280773076
  }
}