{
  "paraphrase": {
    "f1_macro": 0.24711399711399712,
    "f1_weighted": 0.5785497835497836,
    "accuracy": 0.64
  },
  "entailment": {
    "accuracy": 0.4
  },
  "text_formatting": {
    "rouge1": 0.8613028008428023,
    "rouge2": 0.815723409177735,
    "rougeL": 0.8562518429368925,
    "rougeLsum": 0.8544429510667657
  },
  "structure_to_text": {
    "rouge1": 0.4485964513540309,
    "rouge2": 0.24296340412455364,
    "rougeL": 0.3575981448926036,
    "rougeLsum": 0.3563609559183602
  },
  "linguistic_acceptability": {
    "mcc": 0.005983502441431946,
    "accuracy": 0.595
  },
  "word_disambiguation": {
    "f1_score": 0.0,
    "accuracy": 0.51
  },
  "coreference": {
    "f1_macro": 0.37763532763532764,
    "f1_weighted": 0.49483333333333335,
    "accuracy": 0.535
  },
  "question_classification": {
    "accuracy": 0.37
  },
  "overall": {
    "overall_accuracy": 0.5083333333333333,
    "avg_f1_macro": 0.3123746623746624,
    "avg_f1_weighted": 0.5366915584415585,
    "avg_accuracy": 0.5083333333333334,
    "avg_rouge1": 0.6549496260984167,
    "avg_rouge2": 0.5293434066511443,
    "avg_rougeL": 0.6069249939147481,
    "avg_rougeLsum": 0.605401953492563,
    "avg_mcc": 0.005983502441431946,
    "avg_f1_score": 0.0
  }
}