{
  "paraphrase": {
    "f1_score": 0.7137809187279152,
    "accuracy": 0.595
  },
  "entailment": {
    "accuracy": 0.44
  },
  "text_formatting": {
    "rouge1": 0.8681610236753253,
    "rouge2": 0.8231947645304205,
    "rougeL": 0.8634377641918098,
    "rougeLsum": 0.8615774875093676
  },
  "structure_to_text": {
    "rouge1": 0.46514677245631697,
    "rouge2": 0.2500168350341355,
    "rougeL": 0.3677575615580255,
    "rougeLsum": 0.36671459919318256
  },
  "linguistic_acceptability": {
    "accuracy": 0.495
  },
  "word_disambiguation": {
    "f1_score": 0.6754966887417219,
    "accuracy": 0.51
  },
  "coreference": {
    "accuracy": 0.545
  },
  "question_classification": {
    "accuracy": 0.485
  },
  "overall": {
    "overall_accuracy": 0.5116666666666667,
    "avg_f1_score": 0.6946388037348186,
    "avg_accuracy": 0.5116666666666666,
    "avg_rouge1": 0.6666538980658212,
    "avg_rouge2": 0.536605799782278,
    "avg_rougeL": 0.6155976628749177,
    "avg_rougeLsum": 0.6141460433512751
  }
}