{
  "paraphrase": {
    "f1_score": 0.6992481203007519,
    "accuracy": 0.6
  },
  "entailment": {
    "accuracy": 0.4
  },
  "text_formatting": {
    "rouge1": 0.8605653001375859,
    "rouge2": 0.816199777789462,
    "rougeL": 0.8548897256345176,
    "rougeLsum": 0.854717936502992
  },
  "structure_to_text": {
    "rouge1": 0.46322154431880025,
    "rouge2": 0.25560565829247006,
    "rougeL": 0.3712030642780505,
    "rougeLsum": 0.3736658809046044
  },
  "linguistic_acceptability": {
    "accuracy": 0.455
  },
  "word_disambiguation": {
    "f1_score": 0.6754966887417219,
    "accuracy": 0.51
  },
  "coreference": {
    "accuracy": 0.56
  },
  "question_classification": {
    "accuracy": 0.37
  },
  "overall": {
    "overall_accuracy": 0.4825,
    "avg_f1_score": 0.6873724045212368,
    "avg_accuracy": 0.4825000000000001,
    "avg_rouge1": 0.6618934222281931,
    "avg_rouge2": 0.535902718040966,
    "avg_rougeL": 0.6130463949562841,
    "avg_rougeLsum": 0.6141919087037981
  }
}