{
  "paraphrase": {
    "f1_score": 0.0392156862745098,
    "accuracy": 0.02
  },
  "entailment": {
    "accuracy": 0.005
  },
  "text_formatting": {
    "rouge1": 0.9158188688381765,
    "rouge2": 0.8707325558238482,
    "rougeL": 0.9127818465546781,
    "rougeLsum": 0.9105782710881903
  },
  "structure_to_text": {
    "rouge1": 0.5089430369798014,
    "rouge2": 0.2859913366715793,
    "rougeL": 0.4069786384875296,
    "rougeLsum": 0.40905965257354726
  },
  "linguistic_acceptability": {
    "mcc": -0.9671993097343622,
    "accuracy": 0.015
  },
  "word_disambiguation": {
    "f1_score": 0.27586206896551724,
    "accuracy": 0.16
  },
  "coreference": {
    "accuracy": 0.365
  },
  "question_classification": {
    "accuracy": 0.02
  },
  "overall": {
    "overall_accuracy": 0.0975,
    "avg_f1_score": 0.1575388776200135,
    "avg_accuracy": 0.09749999999999999,
    "avg_rouge1": 0.712380952908989,
    "avg_rouge2": 0.5783619462477138,
    "avg_rougeL": 0.6598802425211039,
    "avg_rougeLsum": 0.6598189618308687,
    "avg_mcc": -0.9671993097343622
  }
}