{
  "paraphrase": {
    "f1_score": 0.7279151943462897,
    "accuracy": 0.615
  },
  "entailment": {
    "accuracy": 0.39
  },
  "text_formatting": {
    "rouge1": 0.850202004225608,
    "rouge2": 0.8031047333471344,
    "rougeL": 0.8418155468176327,
    "rougeLsum": 0.8418542677901677
  },
  "structure_to_text": {
    "rouge1": 0.4573384990643877,
    "rouge2": 0.24582435123225127,
    "rougeL": 0.35535933761564387,
    "rougeLsum": 0.3598033802936671
  },
  "linguistic_acceptability": {
    "accuracy": 0.55
  },
  "word_disambiguation": {
    "f1_score": 0.6733333333333333,
    "accuracy": 0.51
  },
  "coreference": {
    "accuracy": 0.545
  },
  "question_classification": {
    "accuracy": 0.375
  },
  "overall": {
    "overall_accuracy": 0.4975,
    "avg_f1_score": 0.7006242638398115,
    "avg_accuracy": 0.4975,
    "avg_rouge1": 0.6537702516449979,
    "avg_rouge2": 0.5244645422896929,
    "avg_rougeL": 0.5985874422166383,
    "avg_rougeLsum": 0.6008288240419174
  }
}