{
  "paraphrase": {
    "f1_score": 0.5314009661835749,
    "accuracy": 0.515
  },
  "entailment": {
    "accuracy": 0.36
  },
  "text_formatting": {
    "rouge1": 0.8596391955746499,
    "rouge2": 0.8173764022238073,
    "rougeL": 0.853051525480738,
    "rougeLsum": 0.8535103528295486
  },
  "structure_to_text": {
    "rouge1": 0.4605434315537831,
    "rouge2": 0.2553678473899439,
    "rougeL": 0.36809700254258526,
    "rougeLsum": 0.3724324002497844
  },
  "linguistic_acceptability": {
    "mcc": -0.013189540208727603,
    "accuracy": 0.485
  },
  "word_disambiguation": {
    "f1_score": 0.6754966887417219,
    "accuracy": 0.51
  },
  "coreference": {
    "accuracy": 0.555
  },
  "question_classification": {
    "accuracy": 0.375
  },
  "overall": {
    "overall_accuracy": 0.4666666666666667,
    "avg_f1_score": 0.6034488274626484,
    "avg_accuracy": 0.4666666666666666,
    "avg_rouge1": 0.6600913135642165,
    "avg_rouge2": 0.5363721248068756,
    "avg_rougeL": 0.6105742640116616,
    "avg_rougeLsum": 0.6129713765396665,
    "avg_mcc": -0.013189540208727603
  }
}