{
  "paraphrase": {
    "f1_score": 0.7279151943462897,
    "accuracy": 0.615
  },
  "entailment": {
    "accuracy": 0.39
  },
  "text_formatting": {
    "rouge1": 0.8509013305146753,
    "rouge2": 0.803269672567319,
    "rougeL": 0.8424370538515868,
    "rougeLsum": 0.8409980232685295
  },
  "structure_to_text": {
    "rouge1": 0.4581021251484873,
    "rouge2": 0.2470782173561723,
    "rougeL": 0.3562690570093858,
    "rougeLsum": 0.3598684659864412
  },
  "linguistic_acceptability": {
    "mcc": -0.014865343480303,
    "accuracy": 0.55
  },
  "word_disambiguation": {
    "f1_score": 0.6733333333333333,
    "accuracy": 0.51
  },
  "coreference": {
    "accuracy": 0.545
  },
  "question_classification": {
    "accuracy": 0.375
  },
  "overall": {
    "overall_accuracy": 0.4975,
    "avg_f1_score": 0.7006242638398115,
    "avg_accuracy": 0.4975,
    "avg_rouge1": 0.6545017278315813,
    "avg_rouge2": 0.5251739449617456,
    "avg_rougeL": 0.5993530554304863,
    "avg_rougeLsum": 0.6004332446274854,
    "avg_mcc": -0.014865343480303
  }
}