{
  "paraphrase": {
    "f1_score": 0.7662337662337663,
    "accuracy": 0.64
  },
  "entailment": {
    "accuracy": 0.4
  },
  "text_formatting": {
    "rouge1": 0.8615959776990056,
    "rouge2": 0.8171903876578255,
    "rougeL": 0.8563452625381516,
    "rougeLsum": 0.8563320702199366
  },
  "structure_to_text": {
    "rouge1": 0.44842144384513244,
    "rouge2": 0.24365764377645555,
    "rougeL": 0.35670181451170185,
    "rougeLsum": 0.35779758386371907
  },
  "linguistic_acceptability": {
    "mcc": 0.005983502441431946,
    "accuracy": 0.595
  },
  "word_disambiguation": {
    "f1_score": 0.6754966887417219,
    "accuracy": 0.51
  },
  "coreference": {
    "accuracy": 0.535
  },
  "question_classification": {
    "accuracy": 0.37
  },
  "overall": {
    "overall_accuracy": 0.5083333333333333,
    "avg_f1_score": 0.7208652274877441,
    "avg_accuracy": 0.5083333333333334,
    "avg_rouge1": 0.655008710772069,
    "avg_rouge2": 0.5304240157171405,
    "avg_rougeL": 0.6065235385249267,
    "avg_rougeLsum": 0.6070648270418278,
    "avg_mcc": 0.005983502441431946
  }
}