{
  "paraphrase": {
    "f1_score": 0.7662337662337663,
    "accuracy": 0.64
  },
  "entailment": {
    "accuracy": 0.4
  },
  "text_formatting": {
    "rouge1": 0.8598072958771931,
    "rouge2": 0.8156868280616023,
    "rougeL": 0.8565348310960744,
    "rougeLsum": 0.8559775286458385
  },
  "structure_to_text": {
    "rouge1": 0.4478950574267158,
    "rouge2": 0.24273726059673428,
    "rougeL": 0.3578983391981482,
    "rougeLsum": 0.3571129789246717
  },
  "linguistic_acceptability": {
    "accuracy": 0.595
  },
  "word_disambiguation": {
    "f1_score": 0.6754966887417219,
    "accuracy": 0.51
  },
  "coreference": {
    "accuracy": 0.535
  },
  "question_classification": {
    "accuracy": 0.37
  },
  "overall": {
    "overall_accuracy": 0.5083333333333333,
    "avg_f1_score": 0.7208652274877441,
    "avg_accuracy": 0.5083333333333334,
    "avg_rouge1": 0.6538511766519545,
    "avg_rouge2": 0.5292120443291684,
    "avg_rougeL": 0.6072165851471113,
    "avg_rougeLsum": 0.6065452537852551
  }
}