{
  "paraphrase": {
    "f1_score": 0.0,
    "accuracy": 0.0
  },
  "entailment": {
    "accuracy": 0.0
  },
  "text_formatting": {
    "rouge1": 0.8575250071359802,
    "rouge2": 0.7960727606142414,
    "rougeL": 0.8510617359183545,
    "rougeLsum": 0.8508848897650823
  },
  "structure_to_text": {
    "rouge1": 0.534733888641014,
    "rouge2": 0.30036743231959895,
    "rougeL": 0.42440763970059936,
    "rougeLsum": 0.42647066244147114
  },
  "linguistic_acceptability": {
    "mcc": -1.0,
    "accuracy": 0.0
  },
  "word_disambiguation": {
    "f1_score": 0.14814814814814814,
    "accuracy": 0.08
  },
  "coreference": {
    "accuracy": 0.355
  },
  "question_classification": {
    "accuracy": 0.005
  },
  "overall": {
    "overall_accuracy": 0.07333333333333333,
    "avg_f1_score": 0.07407407407407407,
    "avg_accuracy": 0.07333333333333333,
    "avg_rouge1": 0.6961294478884972,
    "avg_rouge2": 0.5482200964669202,
    "avg_rougeL": 0.637734687809477,
    "avg_rougeLsum": 0.6386777761032767,
    "avg_mcc": -1.0
  }
}