{
  "paraphrase": {
    "f1_score": 0.0,
    "accuracy": 0.0
  },
  "entailment": {
    "accuracy": 0.0
  },
  "text_formatting": {
    "rouge1": 0.8573058514544998,
    "rouge2": 0.7952997354272477,
    "rougeL": 0.8515938334445975,
    "rougeLsum": 0.8506341327838941
  },
  "structure_to_text": {
    "rouge1": 0.5342499830464178,
    "rouge2": 0.3005856709851911,
    "rougeL": 0.4219386030590303,
    "rougeLsum": 0.4254548238011794
  },
  "linguistic_acceptability": {
    "accuracy": 0.0
  },
  "word_disambiguation": {
    "f1_score": 0.14814814814814814,
    "accuracy": 0.08
  },
  "coreference": {
    "accuracy": 0.355
  },
  "question_classification": {
    "accuracy": 0.005
  },
  "overall": {
    "overall_accuracy": 0.07333333333333333,
    "avg_f1_score": 0.07407407407407407,
    "avg_accuracy": 0.07333333333333333,
    "avg_rouge1": 0.6957779172504588,
    "avg_rouge2": 0.5479427032062194,
    "avg_rougeL": 0.6367662182518139,
    "avg_rougeLsum": 0.6380444782925367
  }
}