{
  "paraphrase": {
    "f1_score": 0.5703703703703704,
    "accuracy": 0.42
  },
  "entailment": {
    "accuracy": 0.38
  },
  "text_formatting": {
    "rouge1": 0.8606390975990588,
    "rouge2": 0.8127556493565492,
    "rougeL": 0.8526363895817812,
    "rougeLsum": 0.8507443628160745
  },
  "structure_to_text": {
    "rouge1": 0.4608944173241311,
    "rouge2": 0.254350404872821,
    "rougeL": 0.37017994521656683,
    "rougeLsum": 0.37757584346604045
  },
  "linguistic_acceptability": {
    "mcc": -0.10783528883626464,
    "accuracy": 0.48
  },
  "word_disambiguation": {
    "f1_score": 0.6710963455149501,
    "accuracy": 0.505
  },
  "coreference": {
    "accuracy": 0.575
  },
  "question_classification": {
    "accuracy": 0.35
  },
  "overall": {
    "overall_accuracy": 0.45166666666666666,
    "avg_f1_score": 0.6207333579426603,
    "avg_accuracy": 0.4516666666666667,
    "avg_rouge1": 0.660766757461595,
    "avg_rouge2": 0.5335530271146851,
    "avg_rougeL": 0.611408167399174,
    "avg_rougeLsum": 0.6141601031410575,
    "avg_mcc": -0.10783528883626464
  }
}