{
  "paraphrase": {
    "f1_score": 0.48514851485148514,
    "accuracy": 0.48,
    "rouge1": 0.4814285714285714,
    "rouge2": 0.0,
    "rougeL": 0.48285714285714293,
    "rougeLsum": 0.48
  },
  "entailment": {
    "accuracy": 0.37,
    "rouge1": 0.37,
    "rouge2": 0.07,
    "rougeL": 0.37,
    "rougeLsum": 0.37
  },
  "text_formatting": {
    "rouge1": 0.3173645622457223,
    "rouge2": 0.25294325280785035,
    "rougeL": 0.313573209940712,
    "rougeLsum": 0.3133901192998213
  },
  "structure_to_text": {
    "rouge1": 0.31582477401253506,
    "rouge2": 0.15522552456239153,
    "rougeL": 0.28326153806433446,
    "rougeLsum": 0.2827070866170989
  },
  "linguistic_acceptability": {
    "accuracy": 0.62,
    "rouge1": 0.62,
    "rouge2": 0.0,
    "rougeL": 0.62,
    "rougeLsum": 0.62
  },
  "word_disambiguation": {
    "f1_score": 0.5517241379310345,
    "accuracy": 0.48,
    "rouge1": 0.493,
    "rouge2": 0.49,
    "rougeL": 0.49250000000000005,
    "rougeLsum": 0.49499999999999994
  },
  "coreference": {
    "accuracy": 0.53,
    "rouge1": 0.6084880952380953,
    "rouge2": 0.315,
    "rougeL": 0.6072202380952381,
    "rougeLsum": 0.6087083333333334
  },
  "question_classification": {
    "accuracy": 0.175,
    "rouge1": 0.18,
    "rouge2": 0.0,
    "rougeL": 0.17833333333333332,
    "rougeLsum": 0.17666666666666664
  },
  "overall": {
    "overall_accuracy": 0.4425,
    "avg_f1_score": 0.5184363263912598,
    "avg_accuracy": 0.44249999999999995,
    "avg_rouge1": 0.4232632503656156,
    "avg_rouge2": 0.16039609717128023,
    "avg_rougeL": 0.4184681827863451,
    "avg_rougeLsum": 0.41830902573961504
  }
}