{
  "paraphrase": {
    "f1_score": 0.009950248756218905,
    "accuracy": 0.005,
    "rouge1": 0.04354360916860918,
    "rouge2": 0.0,
    "rougeL": 0.04360271672771673,
    "rougeLsum": 0.043899239649239655
  },
  "entailment": {
    "accuracy": 0.005,
    "rouge1": 0.07559598578451637,
    "rouge2": 0.032509819998016595,
    "rougeL": 0.0744443749199968,
    "rougeLsum": 0.07444199317463418
  },
  "text_formatting": {
    "rouge1": 0.6633528406823743,
    "rouge2": 0.5106026038932479,
    "rougeL": 0.6116494696911512,
    "rougeLsum": 0.6116171945220343
  },
  "structure_to_text": {
    "rouge1": 0.6413314971968842,
    "rouge2": 0.3921047492701324,
    "rougeL": 0.5107895297370217,
    "rougeLsum": 0.5103264772947432
  },
  "linguistic_acceptability": {
    "accuracy": 0.0,
    "rouge1": 0.04459630402277459,
    "rouge2": 0.0,
    "rougeL": 0.04421655060625648,
    "rougeLsum": 0.04463867627470568
  },
  "word_disambiguation": {
    "f1_score": 0.0,
    "accuracy": 0.005,
    "rouge1": 0.08905587177681368,
    "rouge2": 0.04177627623351307,
    "rougeL": 0.08841599689588234,
    "rougeLsum": 0.08886969757905477
  },
  "coreference": {
    "accuracy": 0.035,
    "rouge1": 0.3344034768250324,
    "rouge2": 0.1538571158041342,
    "rougeL": 0.33332686187794536,
    "rougeLsum": 0.3337187369132414
  },
  "question_classification": {
    "accuracy": 0.0,
    "rouge1": 0.02971998067721752,
    "rouge2": 0.0,
    "rougeL": 0.029933796466691212,
    "rougeLsum": 0.029735768617347565
  },
  "overall": {
    "overall_accuracy": 0.008333333333333333,
    "avg_f1_score": 0.004975124378109453,
    "avg_accuracy": 0.008333333333333333,
    "avg_rouge1": 0.24019994576677778,
    "avg_rouge2": 0.14135632064988052,
    "avg_rougeL": 0.21704741211533277,
    "avg_rougeLsum": 0.2171559730031251
  }
}