{
  "paraphrase": {
    "rouge1": 0.63,
    "rouge2": 0.0,
    "rougeL": 0.63,
    "rougeLsum": 0.63
  },
  "entailment": {
    "rouge1": 0.345,
    "rouge2": 0.0,
    "rougeL": 0.345,
    "rougeLsum": 0.345
  },
  "text_formatting": {
    "rouge1": 0.6864830243047461,
    "rouge2": 0.6386556715582534,
    "rougeL": 0.6824330388784943,
    "rougeLsum": 0.6807050837133619
  },
  "structure_to_text": {
    "rouge1": 0.36851939796343014,
    "rouge2": 0.181137779232576,
    "rougeL": 0.29718706229396624,
    "rougeLsum": 0.3025588322277274
  },
  "linguistic_acceptability": {
    "rouge1": 0.6275,
    "rouge2": 0.0,
    "rougeL": 0.63,
    "rougeLsum": 0.63
  },
  "word_disambiguation": {
    "rouge1": 0.475,
    "rouge2": 0.4751162790697674,
    "rougeL": 0.48,
    "rougeLsum": 0.4752272727272727
  },
  "coreference": {
    "rouge1": 0.5968869047619048,
    "rouge2": 0.315,
    "rougeL": 0.5980833333333333,
    "rougeLsum": 0.5981428571428571
  },
  "question_classification": {
    "rouge1": 0.3,
    "rouge2": 0.0,
    "rougeL": 0.3,
    "rougeLsum": 0.3
  },
  "total": {
    "rouge1": 0.5039901578678563,
    "rouge2": 0.20097183627953635,
    "rougeL": 0.49417381458740217,
    "rougeLsum": 0.49490743064514964
  }
}