{
  "paraphrase": {
    "rouge1": 0.11737536359192371,
    "rouge2": 0.0,
    "rougeL": 0.11754552361499031,
    "rougeLsum": 0.11645652527226416
  },
  "entailment": {
    "rouge1": 0.26236631006745265,
    "rouge2": 0.017861757975501415,
    "rougeL": 0.26284473311614936,
    "rougeLsum": 0.2640432685091616
  },
  "text_formatting": {
    "rouge1": 0.9016230941642163,
    "rouge2": 0.8625760299979914,
    "rougeL": 0.8996354764517173,
    "rougeLsum": 0.8980287528994692
  },
  "structure_to_text": {
    "rouge1": 0.4243721859632767,
    "rouge2": 0.21177365716734003,
    "rougeL": 0.3369329712148231,
    "rougeLsum": 0.34419557720005545
  },
  "linguistic_acceptability": {
    "rouge1": 0.39723791537475484,
    "rouge2": 0.0,
    "rougeL": 0.39447442471121436,
    "rougeLsum": 0.39527032607914964
  },
  "word_disambiguation": {
    "rouge1": 0.22424249736537383,
    "rouge2": 0.18728024180885397,
    "rougeL": 0.2253599033542341,
    "rougeLsum": 0.22510821372200468
  },
  "coreference": {
    "rouge1": 0.5378134698634699,
    "rouge2": 0.2983532228640924,
    "rougeL": 0.5390112304362304,
    "rougeLsum": 0.5403011655011656
  },
  "question_classification": {
    "rouge1": 0.14697954868719487,
    "rouge2": 0.0,
    "rougeL": 0.1476974974051436,
    "rougeLsum": 0.14801149425287358
  },
  "total": {
    "rouge1": 0.37738796683037995,
    "rouge2": 0.19695673550675535,
    "rougeL": 0.3662369943497615,
    "rougeLsum": 0.3660176115896674
  }
}