{
  "paraphrase": {
    "rouge1": 0.38,
    "rouge2": 0.0,
    "rougeL": 0.38,
    "rougeLsum": 0.38
  },
  "entailment": {
    "rouge1": 0.345,
    "rouge2": 0.0,
    "rougeL": 0.345,
    "rougeLsum": 0.34
  },
  "text_formatting": {
    "rouge1": 0.7131625661105103,
    "rouge2": 0.6737535093953968,
    "rougeL": 0.7132097866002902,
    "rougeLsum": 0.7109177825398025
  },
  "structure_to_text": {
    "rouge1": 0.36763632963588205,
    "rouge2": 0.18390044901781552,
    "rougeL": 0.29622513851446575,
    "rougeLsum": 0.30247189989904116
  },
  "linguistic_acceptability": {
    "rouge1": 0.645,
    "rouge2": 0.0,
    "rougeL": 0.645,
    "rougeLsum": 0.645
  },
  "word_disambiguation": {
    "rouge1": 0.4903846153846154,
    "rouge2": 0.49058823529411766,
    "rougeL": 0.4912064777327935,
    "rougeLsum": 0.4912064777327935
  },
  "coreference": {
    "rouge1": 0.6415714285714286,
    "rouge2": 0.354,
    "rougeL": 0.6387678571428572,
    "rougeLsum": 0.6368571428571428
  },
  "question_classification": {
    "rouge1": 0.35,
    "rouge2": 0.0,
    "rougeL": 0.35,
    "rougeLsum": 0.35
  },
  "total": {
    "rouge1": 0.4910641409382578,
    "rouge2": 0.21233186695611472,
    "rougeL": 0.48187839870885085,
    "rougeLsum": 0.48241439556442756
  }
}