{
  "paraphrase": {
    "rouge1": 0.595,
    "rouge2": 0.0,
    "rougeL": 0.595,
    "rougeLsum": 0.595
  },
  "entailment": {
    "rouge1": 0.345,
    "rouge2": 0.0,
    "rougeL": 0.345,
    "rougeLsum": 0.345
  },
  "text_formatting": {
    "rouge1": 0.7310708086333646,
    "rouge2": 0.6880187509543891,
    "rougeL": 0.7267815725036559,
    "rougeLsum": 0.72674330796989
  },
  "structure_to_text": {
    "rouge1": 0.3784390153552871,
    "rouge2": 0.19007575836409277,
    "rougeL": 0.3035736976121767,
    "rougeLsum": 0.3081218785539826
  },
  "linguistic_acceptability": {
    "rouge1": 0.645,
    "rouge2": 0.0,
    "rougeL": 0.645,
    "rougeLsum": 0.645
  },
  "word_disambiguation": {
    "rouge1": 0.49,
    "rouge2": 0.49,
    "rougeL": 0.49,
    "rougeLsum": 0.49
  },
  "coreference": {
    "rouge1": 0.6211190476190478,
    "rouge2": 0.335,
    "rougeL": 0.6216785714285715,
    "rougeLsum": 0.6213452380952381
  },
  "question_classification": {
    "rouge1": 0.305,
    "rouge2": 0.0,
    "rougeL": 0.305,
    "rougeLsum": 0.31
  },
  "total": {
    "rouge1": 0.5139225927290711,
    "rouge2": 0.21271387065030917,
    "rougeL": 0.5044398634960191,
    "rougeLsum": 0.5037704410895456
  }
}