{
  "paraphrase": {
    "f1_score": 0.7550200803212851,
    "accuracy": 0.695
  },
  "entailment": {
    "accuracy": 0.595
  },
  "text_formatting": {
    "rouge1": 0.9255067734337196,
    "rouge2": 0.8922580491480343,
    "rougeL": 0.92482050052678,
    "rougeLsum": 0.9241386119883535
  },
  "structure_to_text": {
    "rouge1": 0.52454538271549,
    "rouge2": 0.29656782635784656,
    "rougeL": 0.4313881862155301,
    "rougeLsum": 0.43169771855213185
  },
  "linguistic_acceptability": {
    "accuracy": 0.555
  },
  "word_disambiguation": {
    "f1_score": 0.5396825396825397,
    "accuracy": 0.565
  },
  "coreference": {
    "accuracy": 0.51
  },
  "question_classification": {
    "accuracy": 0.725
  },
  "overall": {
    "overall_accuracy": 0.6075,
    "avg_f1_score": 0.6473513100019124,
    "avg_accuracy": 0.6075,
    "avg_rouge1": 0.7250260780746047,
    "avg_rouge2": 0.5944129377529405,
    "avg_rougeL": 0.6781043433711551,
    "avg_rougeLsum": 0.6779181652702426
  }
}