{
  "paraphrase": {
    "rouge1": 0.725,
    "rouge2": 0.0,
    "rougeL": 0.725,
    "rougeLsum": 0.725
  },
  "entailment": {
    "rouge1": 0.77,
    "rouge2": 0.135,
    "rougeL": 0.77,
    "rougeLsum": 0.77
  },
  "text_formatting": {
    "rouge1": 0.9390442870149487,
    "rouge2": 0.9001048732942483,
    "rougeL": 0.9380315490498172,
    "rougeLsum": 0.938146395130204
  },
  "structure_to_text": {
    "rouge1": 0.6545551018552728,
    "rouge2": 0.406883581010691,
    "rougeL": 0.5213761685219986,
    "rougeLsum": 0.5213693161840047
  },
  "linguistic_acceptability": {
    "rouge1": 0.74,
    "rouge2": 0.0,
    "rougeL": 0.74,
    "rougeLsum": 0.74
  },
  "word_disambiguation": {
    "rouge1": 0.655,
    "rouge2": 0.655,
    "rougeL": 0.655,
    "rougeLsum": 0.655
  },
  "coreference": {
    "rouge1": 0.6984583333333333,
    "rouge2": 0.42,
    "rougeL": 0.6969166666666666,
    "rougeLsum": 0.6967083333333335
  },
  "question_classification": {
    "rouge1": 0.9,
    "rouge2": 0.0,
    "rougeL": 0.9,
    "rougeLsum": 0.9
  },
  "total": {
    "rouge1": 0.759432425122069,
    "rouge2": 0.3144903341373245,
    "rougeL": 0.7431023831273555,
    "rougeLsum": 0.7434866112730485
  }
}