{
  "paraphrase": {
    "f1_score": 0.6893939393939394,
    "accuracy": 0.59
  },
  "entailment": {
    "accuracy": 0.35
  },
  "text_formatting": {
    "rouge1": 0.7327502162311955,
    "rouge2": 0.692182823787209,
    "rougeL": 0.727064982338664,
    "rougeLsum": 0.7259400092804413
  },
  "structure_to_text": {
    "rouge1": 0.36629524532524227,
    "rouge2": 0.18170486780968453,
    "rougeL": 0.2907628382700242,
    "rougeLsum": 0.2971200678335431
  },
  "linguistic_acceptability": {
    "accuracy": 0.645
  },
  "word_disambiguation": {
    "f1_score": 0.5943775100401606,
    "accuracy": 0.495
  },
  "coreference": {
    "accuracy": 0.53
  },
  "question_classification": {
    "accuracy": 0.29
  },
  "overall": {
    "overall_accuracy": 0.48333333333333334,
    "avg_f1_score": 0.64188572471705,
    "avg_accuracy": 0.4833333333333334,
    "avg_rouge1": 0.5495227307782189,
    "avg_rouge2": 0.43694384579844675,
    "avg_rougeL": 0.5089139103043441,
    "avg_rougeLsum": 0.5115300385569922
  }
}