{
  "paraphrase": {
    "f1_score": 0.7533333333333333,
    "accuracy": 0.63
  },
  "entailment": {
    "accuracy": 0.345
  },
  "text_formatting": {
    "rouge1": 0.7015141989973243,
    "rouge2": 0.6489221292948031,
    "rougeL": 0.696076956644685,
    "rougeLsum": 0.6937358349339264
  },
  "structure_to_text": {
    "rouge1": 0.38388524787821365,
    "rouge2": 0.19580227181591997,
    "rougeL": 0.30684494134032536,
    "rougeLsum": 0.31006340864735726
  },
  "linguistic_acceptability": {
    "accuracy": 0.64
  },
  "word_disambiguation": {
    "f1_score": 0.6379928315412187,
    "accuracy": 0.495
  },
  "coreference": {
    "accuracy": 0.535
  },
  "question_classification": {
    "accuracy": 0.28
  },
  "overall": {
    "overall_accuracy": 0.4875,
    "avg_f1_score": 0.695663082437276,
    "avg_accuracy": 0.4875,
    "avg_rouge1": 0.542699723437769,
    "avg_rouge2": 0.42236220055536156,
    "avg_rougeL": 0.5014609489925053,
    "avg_rougeLsum": 0.5018996217906418
  }
}