{
  "paraphrase": {
    "f1_score": 0.12206572769953052,
    "accuracy": 0.065
  },
  "entailment": {
    "accuracy": 0.235
  },
  "text_formatting": {
    "rouge1": 0.8936560800006823,
    "rouge2": 0.8583113582145169,
    "rougeL": 0.8920634362625764,
    "rougeLsum": 0.8875948375418032
  },
  "structure_to_text": {
    "rouge1": 0.42384443879992856,
    "rouge2": 0.2105179369954571,
    "rougeL": 0.3353562163858661,
    "rougeLsum": 0.34286815453619224
  },
  "linguistic_acceptability": {
    "accuracy": 0.33
  },
  "word_disambiguation": {
    "f1_score": 0.18518518518518517,
    "accuracy": 0.12
  },
  "coreference": {
    "accuracy": 0.46
  },
  "question_classification": {
    "accuracy": 0.14
  },
  "overall": {
    "overall_accuracy": 0.225,
    "avg_f1_score": 0.15362545644235784,
    "avg_accuracy": 0.225,
    "avg_rouge1": 0.6587502594003054,
    "avg_rouge2": 0.534414647604987,
    "avg_rougeL": 0.6137098263242213,
    "avg_rougeLsum": 0.6152314960389977
  }
}