{
  "paraphrase": {
    "f1_score": 0.704119850187266,
    "accuracy": 0.605
  },
  "entailment": {
    "accuracy": 0.345
  },
  "text_formatting": {
    "rouge1": 0.7320460089000538,
    "rouge2": 0.6925181302123631,
    "rougeL": 0.7282200091201552,
    "rougeLsum": 0.728323645741547
  },
  "structure_to_text": {
    "rouge1": 0.36150952697241934,
    "rouge2": 0.18442497174685762,
    "rougeL": 0.29180122519315665,
    "rougeLsum": 0.29352579578290433
  },
  "linguistic_acceptability": {
    "accuracy": 0.645
  },
  "word_disambiguation": {
    "f1_score": 0.6287878787878788,
    "accuracy": 0.51
  },
  "coreference": {
    "accuracy": 0.54
  },
  "question_classification": {
    "accuracy": 0.305
  },
  "overall": {
    "overall_accuracy": 0.49166666666666664,
    "avg_f1_score": 0.6664538644875724,
    "avg_accuracy": 0.4916666666666667,
    "avg_rouge1": 0.5467777679362366,
    "avg_rouge2": 0.4384715509796103,
    "avg_rougeL": 0.5100106171566559,
    "avg_rougeLsum": 0.5109247207622256
  }
}